RxCUI,Generic,EPC class candidates,EPC class count
5542,17-alpha-hydroxyprogesterone,Chemical Structure; Established Pharmacologic Classes; Hormone; Progestin; Steroid,5
1306112,"2,2'-dithiobisbenzothiazole",Allergen; Established Pharmacologic Classes; Standardized Chemical Allergen,3
1368138,"2,2-bis(4-glycidyloxyphenyl)propane",Allergen; Established Pharmacologic Classes; Standardized Chemical Allergen,3
1358845,2-mercaptobenzothiazole,Allergen; Established Pharmacologic Classes; Standardized Chemical Allergen,3
1546354,2-mercaptoethanesulfonic acid,Cytoprotective Agent; Established Pharmacologic Classes; Gastrointestinal Agent,3
74,4-aminobenzoic acid,Established Pharmacologic Classes; Vitamin B Complex Member; Vitamin or Mineral,3
1362740,4-phenylenediamine,Allergen; Established Pharmacologic Classes; Standardized Chemical Allergen,3
1367119,5-chloro-2-methyl-4-isothiazolin-3-one,Allergen; Established Pharmacologic Classes; Standardized Chemical Allergen,3
99,6-aminocaproic acid,Antifibrinolytic Agent; Established Pharmacologic Classes; Hematology Agent,3
190521,abacavir,Anti-infective; Antimicrobial; Enzyme Inhibitor; Enzyme Interaction; Established Pharmacologic Classes; Human Immunodeficiency Virus Nucleoside Analog Reverse Transcriptase Inhibitor; Nucleic Acid Related Agent; Nucleic Acid Synthesis Inhibitor; Nucleoside Analog Antiviral,9
1921069,abaloparatide,Chemical Structure; Established Pharmacologic Classes; Hormone; Parathyroid Hormone-Related Peptide Analog,4
614391,abatacept,Established Pharmacologic Classes; Immunologic Agent; Selective T Cell Costimulation Modulator,3
1946825,abemaciclib,Enzyme Inhibitor; Enzyme Interaction; Established Pharmacologic Classes; Kinase Inhibitor,4
1100072,abiraterone,Cytochrome P450 17A1 Inhibitor; Enzyme Inhibitor; Enzyme Interaction; Established Pharmacologic Classes,4
2591476,abrocitinib,Enzyme Inhibitor; Enzyme Interaction; Established Pharmacologic Classes; Janus Kinase Inhibitor; Kinase Inhibitor,5
2202946,Acacia dealbata pollen extract,Allergen; Allergenic Extract; Established Pharmacologic Classes; Non-Standardized Pollen Allergenic Extract,4
851732,Acacia pollen extract,Allergen; Allergenic Extract; Established Pharmacologic Classes; Non-Standardized Pollen Allergenic Extract,4
1986808,acalabrutinib,Enzyme Inhibitor; Enzyme Interaction; Established Pharmacologic Classes; Kinase Inhibitor,4
16681,acarbose,alpha-Glucosidase Inhibitor; Blood Glucose Regulator; Enzyme Inhibitor; Enzyme Interaction; Established Pharmacologic Classes,5
149,acebutolol,beta-Adrenergic Blocker; Cardiovascular Agent; Established Pharmacologic Classes; Nervous System Agent; Receptor Antagonist; Receptor Interaction,6
2721766,aceclidine,Cholinergic Receptor Agonist; Established Pharmacologic Classes; Nervous System Agent; Receptor Agonist; Receptor Interaction,5
1801702,Acer pseudoplatanus pollen extract,Allergen; Allergenic Extract; Established Pharmacologic Classes; Non-Standardized Pollen Allergenic Extract,4
167,acetazolamide,Carbonic Anhydrase Inhibitor; Enzyme Inhibitor; Enzyme Interaction; Established Pharmacologic Classes,4
16728,acetohydroxamic acid,Enzyme Inhibitor; Enzyme Interaction; Established Pharmacologic Classes; Urease Inhibitor,4
194,acetylcholine,Cholinergic Receptor Agonist; Established Pharmacologic Classes; Nervous System Agent; Receptor Agonist; Receptor Interaction,5
197,acetylcysteine,Antidote; Antidote for Acetaminophen Overdose; Established Pharmacologic Classes; Mucolytic; Physical or Chemical Agent; Respiratory Agent,6
16818,acitretin,Chemical Structure; Established Pharmacologic Classes; Retinoid,3
1303098,aclidinium,Anticholinergic; Established Pharmacologic Classes; Gastrointestinal Agent; Nervous System Agent; Receptor Antagonist; Receptor Interaction,6
2698312,acoramidis,Established Pharmacologic Classes; Physical or Chemical Agent; Transthyretin Stabilizer,3
905070,Acremonium strictum allergenic extract,Allergen; Allergenic Extract; Established Pharmacologic Classes; Non-Standardized Fungal Allergenic Extract,4
19959,acrivastine,Established Pharmacologic Classes; Histamine-1 Receptor Antagonist; Receptor Antagonist; Receptor Interaction,4
905088,Acrothecium robustum allergenic extract,Allergen; Allergenic Extract; Established Pharmacologic Classes; Non-Standardized Fungal Allergenic Extract,4
281,acyclovir,Anti-infective; Antimicrobial; Enzyme Inhibitor; Enzyme Interaction; Established Pharmacologic Classes; Herpes Simplex Virus Nucleoside Analog DNA Polymerase Inhibitor; Herpes Zoster Virus Nucleoside Analog DNA Polymerase Inhibitor; Herpesvirus Nucleoside Analog DNA Polymerase Inhibitor; Nucleic Acid Related Agent; Nucleic Acid Synthesis Inhibitor; Nucleoside Analog Antiviral,11
327361,adalimumab,Established Pharmacologic Classes; Receptor Antagonist; Receptor Interaction; Tumor Necrosis Factor Blocker,4
60223,adapalene,Chemical Structure; Established Pharmacologic Classes; Retinoid,3
16521,adefovir,Anti-infective; Antimicrobial; Enzyme Inhibitor; Enzyme Interaction; Established Pharmacologic Classes; Hepatitis B Virus Nucleoside Analog Reverse Transcriptase Inhibitor; Nucleic Acid Related Agent; Nucleic Acid Synthesis Inhibitor; Nucleoside Analog Antiviral,9
296,adenosine,Adenosine Receptor Agonist; Cardiovascular Agent; Established Pharmacologic Classes; Receptor Agonist; Receptor Interaction,5
1430438,afatinib,Enzyme Inhibitor; Enzyme Interaction; Established Pharmacologic Classes; Kinase Inhibitor,4
1232150,aflibercept,Established Pharmacologic Classes; Receptor Antagonist; Receptor Interaction; Vascular Endothelial Growth Factor Inhibitor,4
338817,agalsidase beta,Enzyme; Established Pharmacologic Classes; Hydrolytic Lysosomal Neutral Glycosphingolipid-specific Enzyme,3
885183,Agkistrodon piscivorus antivenin,Antibody or Antibody Fragment; Antidote; Antivenin; Established Pharmacologic Classes,4
426,alanine,Amino Acid; Chemical Structure; Established Pharmacologic Classes,3
430,albendazole,Anthelmintic; Anti-infective; Antimicrobial; Antiparasitic; Established Pharmacologic Classes,5
828529,"albumin human, USP",Chemical Structure; Established Pharmacologic Classes; Hematology Agent; Human Serum Albumin; Physical or Chemical Agent,5
1370439,"albumin microspheres, human",Contrast Agent for Ultrasound Imaging; Established Pharmacologic Classes; Imaging Agent; Physical or Chemical Agent,4
435,albuterol,Adrenergic Receptor Agonist; beta-Adrenergic Agonist; beta2-Adrenergic Agonist; Established Pharmacologic Classes; Nervous System Agent; Receptor Agonist; Receptor Interaction; Sympathomimetic Agent,8
1000082,alcaftadine,Established Pharmacologic Classes; Histamine-1 Receptor Antagonist; Receptor Antagonist; Receptor Interaction,4
108088,alclometasone,Chemical Structure; Corticosteroid; Established Pharmacologic Classes; Hormone; Receptor Agonist; Receptor Interaction; Steroid,7
70223,aldesleukin,Established Pharmacologic Classes; Growth Factor; Immunologic Agent; Lymphocyte Growth Factor,4
1727455,alectinib,Enzyme Inhibitor; Enzyme Interaction; Established Pharmacologic Classes; Kinase Inhibitor,4
117055,alemtuzumab,Antibody or Antibody Fragment; CD52-directed Cytolytic Antibody; Established Pharmacologic Classes,3
852634,alfalfa pollen extract,Allergen; Allergenic Extract; Established Pharmacologic Classes; Non-Standardized Pollen Allergenic Extract,4
480,alfentanil,Established Pharmacologic Classes; Nervous System Agent; Opioid Agonist; Receptor Agonist; Receptor Interaction,5
17300,alfuzosin,alpha-Adrenergic Blocker; Established Pharmacologic Classes; Nervous System Agent; Receptor Antagonist; Receptor Interaction,5
966692,algal fungi allergenic extract,Allergen; Allergenic Extract; Established Pharmacologic Classes; Non-Standardized Fungal Allergenic Extract,4
629565,alglucosidase alfa,Enzyme; Established Pharmacologic Classes; Hydrolytic Lysosomal Glycogen-specific Enzyme,3
1659152,alirocumab,Anti-infective; Antimicrobial; Enzyme Inhibitor; Enzyme Interaction; Established Pharmacologic Classes; PCSK9 Inhibitor; Protease Inhibitor,7
325646,aliskiren,Cardiovascular Agent; Enzyme Inhibitor; Enzyme Interaction; Established Pharmacologic Classes; Renin Inhibitor,5
81864,alitretinoin,Chemical Structure; Established Pharmacologic Classes; Retinoid,3
852106,alkali blite pollen extract,Allergen; Allergenic Extract; Established Pharmacologic Classes; Non-Standardized Pollen Allergenic Extract,4
2695867,Allium cepa bulb extract,Allergen; Allergenic Extract; Established Pharmacologic Classes; Non-Standardized Food Allergenic Extract,4
519,allopurinol,Enzyme Inhibitor; Enzyme Interaction; Established Pharmacologic Classes; Xanthine Oxidase Inhibitor,4
897304,allscale pollen extract,Allergen; Allergenic Extract; Established Pharmacologic Classes; Non-Standardized Pollen Allergenic Extract,4
895552,allspice allergenic extract,Allergen; Allergenic Extract; Epidermal and Animal Specific Allergenic Extract; Established Pharmacologic Classes; Non-Standardized Food Allergenic Extract; Non-Standardized Plant Allergenic Extract,6
892507,almond allergenic extract,Allergen; Allergenic Extract; Established Pharmacologic Classes; Non-Standardized Food Allergenic Extract,4
279645,almotriptan,Established Pharmacologic Classes; Nervous System Agent; Receptor Agonist; Receptor Interaction; Serotonin-1b and Serotonin-1d Receptor Agonist,5
1441543,Alnus glutinosa bark extract,Allergen; Allergenic Extract; Epidermal and Animal Specific Allergenic Extract; Established Pharmacologic Classes; Non-Standardized Plant Allergenic Extract,5
1368001,alogliptin,Anti-infective; Antimicrobial; Blood Glucose Regulator; Dipeptidyl Peptidase 4 Inhibitor; Enzyme Inhibitor; Enzyme Interaction; Established Pharmacologic Classes; Protease Inhibitor,8
85248,alosetron,Established Pharmacologic Classes; Nervous System Agent; Receptor Antagonist; Receptor Interaction; Serotonin-3 Receptor Antagonist,5
596,alprazolam,Benzodiazepine; Chemical Structure; Established Pharmacologic Classes; Ion Channel or Pump Agent; Nervous System Agent,5
598,alprostadil,Chemical Structure; Established Pharmacologic Classes; Hormone; Prostaglandin Analog; Prostaglandin E1 Agonist; Receptor Agonist; Receptor Interaction,7
901845,Alternaria alternata allergenic extract,Allergen; Allergenic Extract; Established Pharmacologic Classes; Non-Standardized Fungal Allergenic Extract,4
620,amantadine,Anti-infective; Antimicrobial; Established Pharmacologic Classes; Influenza A M2 Protein Inhibitor,4
1363561,Amaranthus hybridus pollen extract,Allergen; Allergenic Extract; Established Pharmacologic Classes; Non-Standardized Pollen Allergenic Extract,4
358274,ambrisentan,Endothelin Receptor Antagonist; Established Pharmacologic Classes; Receptor Antagonist; Receptor Interaction,4
17652,amcinonide,Chemical Structure; Corticosteroid; Established Pharmacologic Classes; Hormone; Receptor Agonist; Receptor Interaction; Steroid,7
995754,American basswood pollen extract,Allergen; Allergenic Extract; Established Pharmacologic Classes; Non-Standardized Pollen Allergenic Extract,4
891752,American chestnut allergenic extract,Allergen; Allergenic Extract; Epidermal and Animal Specific Allergenic Extract; Established Pharmacologic Classes; Non-Standardized Food Allergenic Extract; Non-Standardized Plant Allergenic Extract,6
905258,American cockroach allergenic extract,Allergen; Allergenic Extract; Epidermal and Animal Specific Allergenic Extract; Established Pharmacologic Classes; Non-Standardized Insect Allergenic Extract,5
852054,American elm pollen extract,Allergen; Allergenic Extract; Established Pharmacologic Classes; Non-Standardized Pollen Allergenic Extract,4
1116977,American house dust mite allergenic extract,Allergen; Allergenic Extract; Epidermal and Animal Specific Allergenic Extract; Established Pharmacologic Classes; Standardized Insect Allergenic Extract,5
1997187,American lobster allergenic extract,Allergen; Allergenic Extract; Established Pharmacologic Classes; Non-Standardized Food Allergenic Extract,4
2106338,amifampridine,Established Pharmacologic Classes; Ion Channel or Pump Agent; Potassium Channel Blocker,3
641,amikacin,Aminoglycoside Antibacterial; Anti-infective; Antibacterial; Antimicrobial; Chemical Structure; Established Pharmacologic Classes,6
644,amiloride,Diuretic; Established Pharmacologic Classes; Ion Channel or Pump Agent; Potassium-sparing Diuretic,4
683,aminolevulinic acid,Chemical Structure; Established Pharmacologic Classes; Imaging Agent; Optical Imaging Agent; Physical or Chemical Agent; Porphyrin Precursor; Radiographic Contrast Agent,7
703,amiodarone,Antiarrhythmic; Cardiovascular Agent; Established Pharmacologic Classes,3
46303,amisulpride,Dopamine-2 Receptor Antagonist; Established Pharmacologic Classes; Nervous System Agent; Receptor Antagonist; Receptor Interaction,5
704,amitriptyline,Chemical Structure; Established Pharmacologic Classes; Nervous System Agent; Tricyclic Antidepressant,4
17767,amlodipine,Calcium Channel Agent; Calcium Channel Blocker; Cardiovascular Agent; Dihydropyridine Calcium Channel Blocker; Established Pharmacologic Classes; Ion Channel or Pump Agent,6
722,amoxapine,Chemical Structure; Established Pharmacologic Classes; Nervous System Agent; Tricyclic Antidepressant,4
725,amphetamine,Central Nervous System Stimulant; Established Pharmacologic Classes; Nervous System Agent,3
732,amphotericin B,Anti-infective; Antifungal; Antimicrobial; Chemical Structure; Established Pharmacologic Classes; Lipid-based Polyene Antifungal; Polyene Antifungal,7
733,ampicillin,Anti-infective; Antibacterial; Antimicrobial; Chemical Structure; Established Pharmacologic Classes; Penicillin-class Antibacterial,6
228656,amprenavir,Anti-infective; Antimicrobial; Enzyme Inhibitor; Enzyme Interaction; Established Pharmacologic Classes; Protease Inhibitor,6
1311606,amyl cinnamal,Allergen; Established Pharmacologic Classes; Standardized Chemical Allergen,3
596724,anagrelide,Established Pharmacologic Classes; Hematology Agent; Platelet-reducing Agent,3
72435,anakinra,Established Pharmacologic Classes; Interleukin-1 Receptor Antagonist; Receptor Antagonist; Receptor Interaction,4
84857,anastrozole,Aromatase Inhibitor; Enzyme Inhibitor; Enzyme Interaction; Established Pharmacologic Classes,4
1999003,angiotensin II,Cardiovascular Agent; Established Pharmacologic Classes; Vasoconstrictor,3
341018,anidulafungin,Anti-infective; Antifungal; Antimicrobial; Chemical Structure; Echinocandin Antifungal; Established Pharmacologic Classes,6
2565265,anifrolumab,Established Pharmacologic Classes; Receptor Interaction; Type I interferon Receptor Antagonist,3
1309292,anise seed extract,Allergen; Allergenic Extract; Epidermal and Animal Specific Allergenic Extract; Established Pharmacologic Classes; Non-Standardized Food Allergenic Extract; Non-Standardized Plant Allergenic Extract,6
898404,annual bluegrass pollen extract,Allergen; Allergenic Extract; Established Pharmacologic Classes; Non-Standardized Pollen Allergenic Extract,4
2472152,ansuvimab,Antibody or Antibody Fragment; Established Pharmacologic Classes; Zaire Ebolavirus Glycoprotein-directed Antibody,3
314504,anti-inhibitor coagulant complex,Anti-inhibitor Coagulant Complex; Established Pharmacologic Classes; Hematology Agent,3
1006258,Apiospora montagnei allergenic extract,Allergen; Allergenic Extract; Established Pharmacologic Classes; Non-Standardized Fungal Allergenic Extract,4
285219,Apis mellifera preparation,Allergen; Allergenic Extract; Epidermal and Animal Specific Allergenic Extract; Established Pharmacologic Classes; Standardized Insect Allergenic Extract; Standardized Insect Venom Allergenic Extract,6
1364430,apixaban,Enzyme Inhibitor; Enzyme Interaction; Established Pharmacologic Classes; Factor Xa Inhibitor; Hematology Agent,5
1043,apomorphine,Dopaminergic Agonist; Established Pharmacologic Classes; Nervous System Agent; Receptor Agonist; Receptor Interaction,5
891771,apple allergenic extract,Allergen; Allergenic Extract; Established Pharmacologic Classes; Non-Standardized Food Allergenic Extract,4
1424865,apple extract,Allergen; Allergenic Extract; Established Pharmacologic Classes; Non-Standardized Food Allergenic Extract,4
14845,apraclonidine,Adrenergic Receptor Agonist; alpha-Adrenergic Agonist; Established Pharmacologic Classes; Nervous System Agent; Receptor Agonist; Receptor Interaction; Sympathomimetic Agent,7
1492727,apremilast,Enzyme Inhibitor; Enzyme Interaction; Established Pharmacologic Classes; Phosphodiesterase 4 Inhibitor,4
358255,aprepitant,Established Pharmacologic Classes; Receptor Antagonist; Receptor Interaction; Substance P/Neurokinin-1 Receptor Antagonist,4
895574,apricot allergenic extract,Allergen; Allergenic Extract; Established Pharmacologic Classes; Non-Standardized Food Allergenic Extract,4
2679059,aprocitentan,Endothelin Receptor Antagonist; Established Pharmacologic Classes; Receptor Antagonist; Receptor Interaction,4
304962,arformoterol,Adrenergic Receptor Agonist; beta-Adrenergic Agonist; beta2-Adrenergic Agonist; Established Pharmacologic Classes; Nervous System Agent; Receptor Agonist; Receptor Interaction; Sympathomimetic Agent,8
89013,aripiprazole,Atypical antipsychotic; Established Pharmacologic Classes; Nervous System Agent,3
852496,Arizona ash pollen extract,Allergen; Allergenic Extract; Established Pharmacologic Classes; Non-Standardized Pollen Allergenic Extract,4
852814,Arizona cypress pollen extract,Allergen; Allergenic Extract; Established Pharmacologic Classes; Non-Standardized Pollen Allergenic Extract,4
852170,arroyo willow pollen extract,Allergen; Allergenic Extract; Established Pharmacologic Classes; Non-Standardized Pollen Allergenic Extract,4
18343,artemether,Anti-infective; Antimalarial; Antimicrobial; Antiprotozoal; Established Pharmacologic Classes,5
592464,articaine,Amide Local Anesthetic; Anesthetic; Chemical Structure; Established Pharmacologic Classes; Local Anesthetic,5
1151,ascorbic acid,Established Pharmacologic Classes; Vitamin C; Vitamin or Mineral,3
784649,asenapine,Atypical antipsychotic; Established Pharmacologic Classes; Nervous System Agent,3
1720259,asfotase alfa,Enzyme; Established Pharmacologic Classes; Tissue-nonspecific Alkaline Phosphatase,3
1484982,ash pollen extract,Allergen; Allergenic Extract; Established Pharmacologic Classes; Non-Standardized Pollen Allergenic Extract,4
1156,asparaginase,Asparagine-specific Enzyme; Enzyme; Established Pharmacologic Classes,3
891796,asparagus allergenic extract,Allergen; Allergenic Extract; Established Pharmacologic Classes; Non-Standardized Food Allergenic Extract,4
852339,aspen pollen extract,Allergen; Allergenic Extract; Established Pharmacologic Classes; Non-Standardized Pollen Allergenic Extract,4
2101007,Aspergillus amstelodami extract,Allergen; Allergenic Extract; Established Pharmacologic Classes; Non-Standardized Fungal Allergenic Extract,4
999384,Aspergillus flavus allergenic extract,Allergen; Allergenic Extract; Established Pharmacologic Classes; Non-Standardized Fungal Allergenic Extract,4
1307040,Aspergillus flavus var. oryzae protease,Allergen; Allergenic Extract; Established Pharmacologic Classes; Non-Standardized Fungal Allergenic Extract,4
466192,Aspergillus fumigatus allergenic extract,Allergen; Allergenic Extract; Established Pharmacologic Classes; Non-Standardized Fungal Allergenic Extract,4
1368357,Aspergillus nidulans allergenic extract,Allergen; Allergenic Extract; Established Pharmacologic Classes; Non-Standardized Fungal Allergenic Extract,4
854082,Aspergillus niger var. niger extract,Allergen; Allergenic Extract; Established Pharmacologic Classes; Non-Standardized Fungal Allergenic Extract,4
1006310,Aspergillus repens allergenic extract,Allergen; Allergenic Extract; Established Pharmacologic Classes; Non-Standardized Fungal Allergenic Extract,4
314324,Aspergillus terreus allergenic extract,Allergen; Allergenic Extract; Established Pharmacologic Classes; Non-Standardized Fungal Allergenic Extract,4
1191,aspirin,Enzyme Inhibitor; Enzyme Interaction; Established Pharmacologic Classes; Hematology Agent; Nonsteroidal Anti-inflammatory Drug; Platelet Aggregation Inhibitor,6
343047,atazanavir,Anti-infective; Antimicrobial; Enzyme Inhibitor; Enzyme Interaction; Established Pharmacologic Classes; Protease Inhibitor,6
1202,atenolol,beta-Adrenergic Blocker; Cardiovascular Agent; Established Pharmacologic Classes; Nervous System Agent; Receptor Antagonist; Receptor Interaction,6
1792776,atezolizumab,Antibody or Antibody Fragment; Established Pharmacologic Classes; Immunologic Agent; Programmed Death Receptor-1 Blocking Antibody,4
900025,Atlantic cod allergenic extract,Allergen; Allergenic Extract; Established Pharmacologic Classes; Non-Standardized Food Allergenic Extract,4
2261370,Atlantic halibut allergenic extract,Allergen; Allergenic Extract; Established Pharmacologic Classes; Non-Standardized Food Allergenic Extract,4
2198984,Atlantic mackerel allergenic extract,Allergen; Allergenic Extract; Established Pharmacologic Classes; Non-Standardized Food Allergenic Extract,4
900031,Atlantic salmon allergenic extract,Allergen; Allergenic Extract; Established Pharmacologic Classes; Non-Standardized Food Allergenic Extract,4
2571813,atogepant,Calcitonin Gene-related Peptide Receptor Antagonist; Established Pharmacologic Classes; Receptor Antagonist; Receptor Interaction,4
38400,atomoxetine,Established Pharmacologic Classes; Nervous System Agent; Norepinephrine reuptake inhibitor,3
83367,atorvastatin,Cardiovascular Agent; Enzyme Inhibitor; Enzyme Interaction; Established Pharmacologic Classes; HMG-CoA Reductase Inhibitor,5
60212,atovaquone,Anti-infective; Antimalarial; Antimicrobial; Antiprotozoal; Established Pharmacologic Classes,5
1218,atracurium,Established Pharmacologic Classes; Ion Channel or Pump Agent; Neuromuscular Blocker; Nondepolarizing Neuromuscular Blocker; Receptor Antagonist; Receptor Interaction,6
2710449,atrasentan,Endothelin Receptor Antagonist; Established Pharmacologic Classes; Receptor Antagonist; Receptor Interaction,4
1223,atropine,Anticholinergic; Cardiovascular Agent; Cholinergic Muscarinic Antagonist; Established Pharmacologic Classes; Gastrointestinal Agent; Nervous System Agent; Receptor Antagonist; Receptor Interaction,8
852102,Aureobasidium pullulans var. pullutans allergenic extract,Allergen; Allergenic Extract; Established Pharmacologic Classes; Non-Standardized Fungal Allergenic Extract,4
852229,Australian pine pollen extract,Allergen; Allergenic Extract; Established Pharmacologic Classes; Non-Standardized Pollen Allergenic Extract,4
900750,Austrian pine pollen extract,Allergen; Allergenic Extract; Established Pharmacologic Classes; Non-Standardized Pollen Allergenic Extract,4
2645108,avacincaptad pegol,Complement Inhibitor; Established Pharmacologic Classes; Hematology Agent; Immunologic Agent,4
2572100,avacopan,Complement 5a Receptor Antagonist; Established Pharmacologic Classes; Receptor Antagonist; Receptor Interaction,4
2565814,avalglucosidase alfa,Enzyme; Established Pharmacologic Classes; Hydrolytic Lysosomal Glycogen-specific Enzyme,3
1291301,avanafil,Enzyme Inhibitor; Enzyme Interaction; Established Pharmacologic Classes; Phosphodiesterase 5 Inhibitor,4
2272107,avapritinib,Enzyme Inhibitor; Enzyme Interaction; Established Pharmacologic Classes; Kinase Inhibitor,4
1875534,avelumab,Established Pharmacologic Classes; Immunologic Agent; Programmed Death Ligand-1 Blocker,3
1603834,avibactam,beta Lactamase Inhibitor; Enzyme Inhibitor; Enzyme Interaction; Established Pharmacologic Classes,4
895582,avocado allergenic extract,Allergen; Allergenic Extract; Established Pharmacologic Classes; Non-Standardized Food Allergenic Extract,4
1311611,avocado oil,Allergen; Allergenic Extract; Established Pharmacologic Classes; Non-Standardized Food Allergenic Extract,4
2714515,avutometinib,Enzyme Inhibitor; Enzyme Interaction; Established Pharmacologic Classes; Kinase Inhibitor,4
2691526,axatilimab,Colony Stimulating Factor-1 Receptor Blocker; Established Pharmacologic Classes; Receptor Antagonist; Receptor Interaction,4
1987398,axicabtagene ciloleucel,Autologous Cellular Immunotherapy; CD19-directed Chimeric Antigen Receptor; Established Pharmacologic Classes; Genetically-modified Autologous T Cells; Immunologic Agent; Immunotherapy,6
1242999,axitinib,Enzyme Inhibitor; Enzyme Interaction; Established Pharmacologic Classes; Kinase Inhibitor,4
1251,azacitidine,Enzyme Inhibitor; Enzyme Interaction; Established Pharmacologic Classes; Nucleic Acid Related Agent; Nucleic Acid Synthesis Inhibitor; Nucleoside Metabolic Inhibitor,6
1256,azathioprine,Antimetabolite; Enzyme Inhibitor; Enzyme Interaction; Established Pharmacologic Classes; Nucleic Acid Related Agent; Nucleic Acid Synthesis Inhibitor; Purine Antimetabolite,7
18603,azelastine,Established Pharmacologic Classes; Histamine-1 Receptor Antagonist; Receptor Antagonist; Receptor Interaction,4
1091643,azilsartan,Angiotensin 2 Receptor Blocker; Cardiovascular Agent; Established Pharmacologic Classes; Receptor Antagonist; Receptor Interaction,5
18631,azithromycin,Anti-infective; Antimicrobial; Chemical Structure; Established Pharmacologic Classes; Macrolide; Macrolide Antimicrobial,6
1272,aztreonam,Anti-infective; Antibacterial; Antimicrobial; Chemical Structure; Established Pharmacologic Classes; Monobactam Antibacterial,6
1292,baclofen,Established Pharmacologic Classes; gamma-Aminobutyric Acid-ergic Agonist; Ion Channel or Pump Agent; Receptor Agonist; Receptor Interaction,5
852673,bahia grass pollen extract,Allergen; Allergenic Extract; Established Pharmacologic Classes; Non-Standardized Pollen Allergenic Extract,4
995747,bald cypress pollen extract,Allergen; Allergenic Extract; Established Pharmacologic Classes; Non-Standardized Pollen Allergenic Extract,4
1297525,bald-faced hornet venom protein,Allergen; Allergenic Extract; Epidermal and Animal Specific Allergenic Extract; Established Pharmacologic Classes; Standardized Insect Allergenic Extract; Standardized Insect Venom Allergenic Extract,6
2197842,baloxavir,Enzyme Inhibitor; Enzyme Interaction; Established Pharmacologic Classes; Polymerase Acidic Endonuclease Inhibitor,4
18747,balsalazide,Aminosalicylate; Chemical Structure; Established Pharmacologic Classes; Gastrointestinal Agent,4
1014762,balsam poplar pollen extract,Allergen; Allergenic Extract; Established Pharmacologic Classes; Non-Standardized Pollen Allergenic Extract,4
891830,banana allergenic extract,Allergen; Allergenic Extract; Established Pharmacologic Classes; Non-Standardized Food Allergenic Extract,4
285149,banana extract,Allergen; Allergenic Extract; Established Pharmacologic Classes; Non-Standardized Food Allergenic Extract,4
2047232,baricitinib,Enzyme Inhibitor; Enzyme Interaction; Established Pharmacologic Classes; Janus Kinase Inhibitor; Kinase Inhibitor,5
1331,barium sulfate,Established Pharmacologic Classes; Imaging Agent; Physical or Chemical Agent; Radiographic Contrast Agent,4
862453,barley allergenic extract,Allergen; Allergenic Extract; Established Pharmacologic Classes; Non-Standardized Food Allergenic Extract,4
1370766,barley extract,Allergen; Allergenic Extract; Established Pharmacologic Classes; Non-Standardized Food Allergenic Extract,4
1006510,barley malt allergenic extract,Allergen; Allergenic Extract; Epidermal and Animal Specific Allergenic Extract; Established Pharmacologic Classes; Non-Standardized Food Allergenic Extract; Non-Standardized Plant Allergenic Extract,6
1306883,barley malt syrup,Allergen; Allergenic Extract; Epidermal and Animal Specific Allergenic Extract; Established Pharmacologic Classes; Non-Standardized Food Allergenic Extract; Non-Standardized Plant Allergenic Extract,6
899355,basil allergenic extract,Allergen; Allergenic Extract; Epidermal and Animal Specific Allergenic Extract; Established Pharmacologic Classes; Non-Standardized Food Allergenic Extract; Non-Standardized Plant Allergenic Extract,6
196102,basiliximab,Antibody or Antibody Fragment; Established Pharmacologic Classes; Immunologic Agent; Interleukin Agent; Interleukin-2 Receptor Blocking Antibody; Receptor Antagonist; Receptor Interaction,7
1606480,bay leaf extract,Allergen; Allergenic Extract; Epidermal and Animal Specific Allergenic Extract; Established Pharmacologic Classes; Non-Standardized Food Allergenic Extract; Non-Standardized Plant Allergenic Extract,6
1441386,bazedoxifene,Established Pharmacologic Classes; Estrogen Agonist/Antagonist; Receptor Agonist; Receptor Antagonist; Receptor Interaction,5
221050,"BCG, live, Tice strain",Established Pharmacologic Classes; Immunologic Agent; Immunotherapy; Live Attenuated Bacillus Calmette-Guerin Immunotherapy; Live Attenuated Bacillus Calmette-Guerin Vaccine; Vaccine,6
1370773,bean extract,Allergen; Allergenic Extract; Established Pharmacologic Classes; Non-Standardized Food Allergenic Extract,4
115238,becaplermin,Established Pharmacologic Classes; Growth Factor; Human Platelet-derived Growth Factor,3
1347,beclomethasone,Chemical Structure; Corticosteroid; Established Pharmacologic Classes; Hormone; Receptor Agonist; Receptor Interaction; Steroid,7
1364504,bedaquiline,Anti-infective; Antibacterial; Antimicrobial; Antimycobacterial; Chemical Structure; Diarylquinoline Antimycobacterial; Established Pharmacologic Classes,7
852419,beech pollen extract,Allergen; Allergenic Extract; Established Pharmacologic Classes; Non-Standardized Pollen Allergenic Extract,4
892599,beef allergenic extract,Allergen; Allergenic Extract; Established Pharmacologic Classes; Non-Standardized Food Allergenic Extract,4
972689,beef liver allergenic extract,Allergen; Allergenic Extract; Established Pharmacologic Classes; Non-Standardized Food Allergenic Extract,4
1330085,beef liver preparation,Allergen; Allergenic Extract; Established Pharmacologic Classes; Non-Standardized Food Allergenic Extract,4
1112973,belatacept,Established Pharmacologic Classes; Immunologic Agent; Selective T Cell Costimulation Blocker,3
1092437,belimumab,B Lymphocyte Stimulator-specific Inhibitor; Established Pharmacologic Classes; Immunologic Agent,3
1543543,belinostat,Enzyme Inhibitor; Enzyme Interaction; Established Pharmacologic Classes; Histone Deacetylase Inhibitor; Nucleic Acid Related Agent,5
2567226,belzutifan,Enzyme Inhibitor; Enzyme Interaction; Established Pharmacologic Classes; Hypoxia-inducible Factor Inhibitor,4
2282403,bempedoic acid,Adenosine Triphosphate-Citrate Lyase Inhibitor; Enzyme Inhibitor; Enzyme Interaction; Established Pharmacologic Classes,4
18867,benazepril,Angiotensin Converting Enzyme Inhibitor; Anti-infective; Antimicrobial; Cardiovascular Agent; Enzyme Inhibitor; Enzyme Interaction; Established Pharmacologic Classes; Protease Inhibitor,8
134547,bendamustine,Alkylating Drug; Established Pharmacologic Classes; Nucleic Acid Related Agent; Physical or Chemical Agent,4
1369,bendroflumethiazide,Chemical Structure; Diuretic; Established Pharmacologic Classes; Thiazide Diuretic,4
1989100,benralizumab,Antibody or Antibody Fragment; Established Pharmacologic Classes; Interleukin-5 Receptor alpha-directed Cytolytic Antibody,3
1399,benzocaine,Allergen; Established Pharmacologic Classes; Standardized Chemical Allergen,3
18993,benzonatate,Established Pharmacologic Classes; Non-narcotic Antitussive; Respiratory Agent,3
1422,benzphetamine,Chemical Structure; Established Pharmacologic Classes; Nervous System Agent; Sympathomimetic Agent; Sympathomimetic Amine Anorectic,5
1424,benztropine,Anticholinergic; Established Pharmacologic Classes; Gastrointestinal Agent; H1 antihistamine; Nervous System Agent; Receptor Antagonist; Receptor Interaction; Respiratory Agent,8
1426,benzyl alcohol,Anti-infective; Antimicrobial; Antiparasitic; Established Pharmacologic Classes; Pediculicide,5
19075,benzylparaben,Allergen; Established Pharmacologic Classes; Standardized Chemical Allergen,3
863035,bepotastine,Established Pharmacologic Classes; Histamine-1 Receptor Antagonist; Receptor Antagonist; Receptor Interaction,4
851906,Bermuda grass pollen extract,Allergen; Allergenic Extract; Established Pharmacologic Classes; Standardized Pollen Allergenic Extract,4
1014385,Bermuda grass smut allergenic extract,Allergen; Allergenic Extract; Established Pharmacologic Classes; Non-Standardized Fungal Allergenic Extract,4
2467540,berotralstat,Anti-infective; Antimicrobial; Enzyme Inhibitor; Enzyme Interaction; Established Pharmacologic Classes; Plasma Kallikrein Inhibitor; Protease Inhibitor,7
819911,besifloxacin,Anti-infective; Antimicrobial; Chemical Structure; Established Pharmacologic Classes; Quinolone Antimicrobial,5
1512,betaine,Established Pharmacologic Classes; Methylating Agent; Physical or Chemical Agent,3
1514,betamethasone,Chemical Structure; Corticosteroid; Established Pharmacologic Classes; Hormone; Receptor Agonist; Receptor Interaction; Steroid,7
1520,betaxolol,beta-Adrenergic Blocker; Cardiovascular Agent; Established Pharmacologic Classes; Nervous System Agent; Receptor Antagonist; Receptor Interaction,6
19257,bethanechol,Cholinergic Muscarinic Agonist; Established Pharmacologic Classes; Nervous System Agent; Receptor Agonist; Receptor Interaction,5
253337,bevacizumab,Established Pharmacologic Classes; Receptor Antagonist; Receptor Interaction; Vascular Endothelial Growth Factor Inhibitor,4
2627044,bexagliflozin,Blood Glucose Regulator; Established Pharmacologic Classes; Sodium-Glucose Cotransporter 2 Inhibitor,3
233272,bexarotene,Chemical Structure; Established Pharmacologic Classes; Retinoid,3
83008,bicalutamide,Androgen Receptor Inhibitor; Established Pharmacologic Classes; Receptor Antagonist; Receptor Interaction,4
283810,bimatoprost,Chemical Structure; Established Pharmacologic Classes; Hormone; Prostaglandin Analog,4
1596,bisacodyl,Established Pharmacologic Classes; Gastrointestinal Agent; Stimulant Laxative,3
1546284,bismuth cation,Bismuth; Chemical Structure; Established Pharmacologic Classes,3
19478,bismuth subsalicylate,Bismuth; Chemical Structure; Established Pharmacologic Classes,3
19484,bisoprolol,beta-Adrenergic Blocker; Cardiovascular Agent; Established Pharmacologic Classes; Nervous System Agent; Receptor Antagonist; Receptor Interaction,6
1014739,bitter dock pollen extract,Allergen; Allergenic Extract; Established Pharmacologic Classes; Non-Standardized Pollen Allergenic Extract,4
899645,bitternut hickory pollen extract,Allergen; Allergenic Extract; Established Pharmacologic Classes; Non-Standardized Pollen Allergenic Extract,4
60819,bivalirudin,Anti-coagulant; Anti-infective; Antimicrobial; Direct Thrombin Inhibitor; Enzyme Inhibitor; Enzyme Interaction; Established Pharmacologic Classes; Hematology Agent; Protease Inhibitor,9
2057909,black carpenter ant allergenic extract,Allergen; Allergenic Extract; Epidermal and Animal Specific Allergenic Extract; Established Pharmacologic Classes; Non-Standardized Insect Allergenic Extract; Non-Standardized Insect Venom Allergenic Extract,6
852376,black cottonwood pollen extract,Allergen; Allergenic Extract; Established Pharmacologic Classes; Non-Standardized Pollen Allergenic Extract,4
995738,black imported fire ant allergenic extract,Allergen; Allergenic Extract; Epidermal and Animal Specific Allergenic Extract; Established Pharmacologic Classes; Non-Standardized Insect Allergenic Extract; Non-Standardized Insect Venom Allergenic Extract,6
867325,black locust pollen extract,Allergen; Allergenic Extract; Established Pharmacologic Classes; Non-Standardized Pollen Allergenic Extract,4
852260,black oak pollen extract,Allergen; Allergenic Extract; Established Pharmacologic Classes; Non-Standardized Pollen Allergenic Extract,4
974650,black olive allergenic extract,Allergen; Allergenic Extract; Established Pharmacologic Classes; Non-Standardized Food Allergenic Extract,4
899363,black pepper allergenic extract,Allergen; Allergenic Extract; Established Pharmacologic Classes; Non-Standardized Food Allergenic Extract,4
259314,black pepper preparation,Allergen; Allergenic Extract; Established Pharmacologic Classes; Non-Standardized Food Allergenic Extract,4
2102474,black sea bass allergenic extract,Allergen; Allergenic Extract; Established Pharmacologic Classes; Non-Standardized Food Allergenic Extract,4
891695,black walnut allergenic extract,Allergen; Allergenic Extract; Established Pharmacologic Classes; Non-Standardized Food Allergenic Extract,4
852569,black walnut pollen extract,Allergen; Allergenic Extract; Established Pharmacologic Classes; Non-Standardized Pollen Allergenic Extract,4
852162,black willow pollen extract,Allergen; Allergenic Extract; Established Pharmacologic Classes; Non-Standardized Pollen Allergenic Extract,4
899490,black-eyed pea allergenic extract,Allergen; Allergenic Extract; Established Pharmacologic Classes; Non-Standardized Food Allergenic Extract,4
1346617,Blatta orientalis preparation,Allergen; Allergenic Extract; Epidermal and Animal Specific Allergenic Extract; Established Pharmacologic Classes; Non-Standardized Insect Allergenic Extract,5
1622,bleomycin,Cytoprotective Agent; Established Pharmacologic Classes; Gastrointestinal Agent,3
1597258,blinatumomab,Bispecific CD19-directed CD3-directed T Cell Engager; Established Pharmacologic Classes; Receptor Interaction,3
899611,blue beech pollen extract,Allergen; Allergenic Extract; Established Pharmacologic Classes; Non-Standardized Pollen Allergenic Extract,4
1315126,blue crab preparation,Allergen; Allergenic Extract; Established Pharmacologic Classes; Non-Standardized Food Allergenic Extract,4
900704,blue spruce pollen extract,Allergen; Allergenic Extract; Established Pharmacologic Classes; Non-Standardized Pollen Allergenic Extract,4
892181,bluefish allergenic extract,Allergen; Allergenic Extract; Established Pharmacologic Classes; Non-Standardized Food Allergenic Extract,4
358258,bortezomib,Anti-infective; Antimicrobial; Enzyme Inhibitor; Enzyme Interaction; Established Pharmacologic Classes; Protease Inhibitor; Proteasome Inhibitor,7
1307619,bosutinib,Enzyme Inhibitor; Enzyme Interaction; Established Pharmacologic Classes; Kinase Inhibitor,4
466195,Botrytis cinerea allergenic extract,Allergen; Allergenic Extract; Established Pharmacologic Classes; Non-Standardized Fungal Allergenic Extract,4
1712,botulinum toxin type A,Acetylcholine Release Inhibitor; Established Pharmacologic Classes; Ion Channel or Pump Agent; Nervous System Agent; Neuromuscular Blocker,5
544488,botulism immune globulin IV human,Antibody or Antibody Fragment; Chemical Structure; Established Pharmacologic Classes; Human Immunoglobulin; Human Immunoglobulin G; Immunoglobulin G; Immunologic Agent,7
851740,box elder maple pollen extract,Allergen; Allergenic Extract; Established Pharmacologic Classes; Non-Standardized Pollen Allergenic Extract,4
891514,brazil nut allergenic extract,Allergen; Allergenic Extract; Established Pharmacologic Classes; Non-Standardized Food Allergenic Extract,4
2632068,Brazilian pepper tree pollen extract,Allergen; Allergenic Extract; Established Pharmacologic Classes; Non-Standardized Pollen Allergenic Extract,4
2176312,bremelanotide,Established Pharmacologic Classes; Melanocortin Receptor Agonist; Receptor Agonist; Receptor Interaction,4
1147320,brentuximab vedotin,Antibody or Antibody Fragment; CD30-directed Immunoconjugate; Established Pharmacologic Classes; Immunologic Agent,4
1658314,brexpiprazole,Atypical antipsychotic; Established Pharmacologic Classes; Nervous System Agent,3
1921217,brigatinib,Enzyme Inhibitor; Enzyme Interaction; Established Pharmacologic Classes; Kinase Inhibitor,4
1998867,brilliant blue G,Disclosing Agent; Established Pharmacologic Classes; Physical or Chemical Agent,3
134615,brimonidine,Adrenergic Receptor Agonist; alpha-Adrenergic Agonist; Established Pharmacologic Classes; Nervous System Agent; Receptor Agonist; Receptor Interaction; Sympathomimetic Agent,7
194881,brinzolamide,Carbonic Anhydrase Inhibitor; Enzyme Inhibitor; Enzyme Interaction; Established Pharmacologic Classes,4
903913,broad leaved paperbark pollen extract,Allergen; Allergenic Extract; Established Pharmacologic Classes; Non-Standardized Pollen Allergenic Extract,4
1232637,broadleaf cattail pollen extract,Allergen; Allergenic Extract; Established Pharmacologic Classes; Non-Standardized Pollen Allergenic Extract,4
1484983,broadleaf plantain pollen extract,Allergen; Allergenic Extract; Established Pharmacologic Classes; Non-Standardized Pollen Allergenic Extract,4
899386,broccoli allergenic extract,Allergen; Allergenic Extract; Established Pharmacologic Classes; Non-Standardized Food Allergenic Extract,4
1872251,brodalumab,Established Pharmacologic Classes; Immunologic Agent; Interleukin Agent; Interleukin-17 Receptor A Antagonist; Receptor Antagonist; Receptor Interaction,6
19737,bromfenac,Enzyme Inhibitor; Enzyme Interaction; Established Pharmacologic Classes; Nonsteroidal Anti-inflammatory Drug,4
1760,bromocriptine,Chemical Structure; Ergot Derivative; Established Pharmacologic Classes; Nervous System Agent,4
1114345,bronopol,Allergen; Established Pharmacologic Classes; Standardized Chemical Allergen,3
1094193,broomweed pollen extract,Allergen; Allergenic Extract; Established Pharmacologic Classes; Non-Standardized Pollen Allergenic Extract,4
1311040,brown rice preparation,Allergen; Allergenic Extract; Established Pharmacologic Classes; Non-Standardized Food Allergenic Extract,4
899390,brussels sprout allergenic extract,Allergen; Allergenic Extract; Epidermal and Animal Specific Allergenic Extract; Established Pharmacologic Classes; Non-Standardized Food Allergenic Extract; Non-Standardized Plant Allergenic Extract,6
899394,buckwheat allergenic extract,Allergen; Allergenic Extract; Established Pharmacologic Classes; Non-Standardized Food Allergenic Extract,4
19831,budesonide,Chemical Structure; Corticosteroid; Established Pharmacologic Classes; Hormone; Receptor Agonist; Receptor Interaction; Steroid,7
1484985,bulbous buttercup pollen extract,Allergen; Allergenic Extract; Established Pharmacologic Classes; Non-Standardized Pollen Allergenic Extract,4
1808,bumetanide,Diuretic; Established Pharmacologic Classes; Loop Diuretic,3
1815,bupivacaine,Amide Local Anesthetic; Anesthetic; Chemical Structure; Established Pharmacologic Classes; Local Anesthetic,5
1819,buprenorphine,Established Pharmacologic Classes; Nervous System Agent; Opioid Agonist; Partial Opioid Agonist; Receptor Agonist; Receptor Interaction,6
42347,bupropion,Aminoketone; Chemical Structure; Established Pharmacologic Classes; Nervous System Agent,4
900991,bur oak pollen extract,Allergen; Allergenic Extract; Established Pharmacologic Classes; Non-Standardized Pollen Allergenic Extract,4
852593,burning bush pollen extract,Allergen; Allergenic Extract; Established Pharmacologic Classes; Non-Standardized Pollen Allergenic Extract,4
852526,burrobrush pollen extract,Allergen; Allergenic Extract; Established Pharmacologic Classes; Non-Standardized Pollen Allergenic Extract,4
852551,burweed marshelder pollen extract,Allergen; Allergenic Extract; Established Pharmacologic Classes; Non-Standardized Pollen Allergenic Extract,4
1828,busulfan,Alkylating Drug; Established Pharmacologic Classes; Nucleic Acid Related Agent; Physical or Chemical Agent,4
19860,butalbital,Barbiturate; Chemical Structure; Established Pharmacologic Classes,3
47461,butenafine,Anti-infective; Antifungal; Antimicrobial; Benzylamine Antifungal; Chemical Structure; Established Pharmacologic Classes,6
19884,butoconazole,Anti-infective; Antifungal; Antimicrobial; Azole Antifungal; Chemical Structure; Established Pharmacologic Classes,6
1841,butorphanol,Established Pharmacologic Classes; Nervous System Agent; Opioid Agonist/Antagonist; Receptor Agonist; Receptor Antagonist; Receptor Interaction,6
1306937,butylparaben,Allergen; Established Pharmacologic Classes; Standardized Chemical Allergen,3
996051,cabazitaxel,Established Pharmacologic Classes; Microtubule Inhibitor; Nucleic Acid Related Agent,3
899398,cabbage allergenic extract,Allergen; Allergenic Extract; Established Pharmacologic Classes; Non-Standardized Food Allergenic Extract,4
47579,cabergoline,Chemical Structure; Ergot Derivative; Established Pharmacologic Classes; Nervous System Agent,4
2475077,cabotegravir,Anti-infective; Antimicrobial; Enzyme Inhibitor; Enzyme Interaction; Established Pharmacologic Classes; Human Immunodeficiency Virus Integrase Strand Transfer Inhibitor,6
1363268,cabozantinib,Enzyme Inhibitor; Enzyme Interaction; Established Pharmacologic Classes; Kinase Inhibitor,4
1886,caffeine,Central Nervous System Stimulant; Chemical Structure; Enzyme Inhibitor; Enzyme Interaction; Established Pharmacologic Classes; Methylxanthine; Nervous System Agent,7
2121416,calaspargase pegol,Asparagine-specific Enzyme; Enzyme; Established Pharmacologic Classes,3
29365,calcipotriene,Chemical Structure; Established Pharmacologic Classes; Hormone; Steroid; Vitamin D Analog; Vitamin or Mineral,6
1894,calcitriol,Chemical Structure; Established Pharmacologic Classes; Hormone; Steroid; Vitamin D3 Analog; Vitamin or Mineral,6
1895,calcium,Calcium; Chemical Structure; Established Pharmacologic Classes; Vitamin or Mineral,4
1316581,calcium ion,Blood Coagulation Factor; Established Pharmacologic Classes; Hematology Agent; Phosphate Binder; Physical or Chemical Agent,5
232539,calfactant,Established Pharmacologic Classes; Physical or Chemical Agent; Respiratory Agent; Surfactant,4
1014721,California black oak pollen extract,Allergen; Allergenic Extract; Established Pharmacologic Classes; Non-Standardized Pollen Allergenic Extract,4
852561,California black walnut pollen extract,Allergen; Allergenic Extract; Established Pharmacologic Classes; Non-Standardized Pollen Allergenic Extract,4
852585,California juniper pollen extract,Allergen; Allergenic Extract; Established Pharmacologic Classes; Non-Standardized Pollen Allergenic Extract,4
892734,California mugwort pollen extract,Allergen; Allergenic Extract; Established Pharmacologic Classes; Non-Standardized Pollen Allergenic Extract,4
852802,California scrub oak pollen extract,Allergen; Allergenic Extract; Established Pharmacologic Classes; Non-Standardized Pollen Allergenic Extract,4
2171260,Callistemon citrinus pollen extract,Allergen; Allergenic Extract; Established Pharmacologic Classes; Non-Standardized Pollen Allergenic Extract,4
2590604,Camelus bactrianus hair extract,Allergen; Allergenic Extract; Epidermal and Animal Specific Allergenic Extract; Established Pharmacologic Classes; Non-Standardized Animal Hair Allergenic Extract,5
995743,Canada goldenrod pollen extract,Allergen; Allergenic Extract; Established Pharmacologic Classes; Non-Standardized Pollen Allergenic Extract,4
1014731,Canadian bluegrass pollen extract,Allergen; Allergenic Extract; Established Pharmacologic Classes; Non-Standardized Pollen Allergenic Extract,4
894961,canary feather extract,Allergen; Allergenic Extract; Epidermal and Animal Specific Allergenic Extract; Established Pharmacologic Classes; Non-Standardized Feather Allergenic Extract,5
852697,canary grass pollen extract,Allergen; Allergenic Extract; Established Pharmacologic Classes; Non-Standardized Pollen Allergenic Extract,4
214354,candesartan,Angiotensin 2 Receptor Blocker; Cardiovascular Agent; Established Pharmacologic Classes; Receptor Antagonist; Receptor Interaction,5
1963,Candida albicans,Allergen; Allergenic Extract; Established Pharmacologic Classes; Non-Standardized Fungal Allergenic Extract,4
214355,Candida albicans allergenic extract,Allergen; Allergenic Extract; Established Pharmacologic Classes; Non-Standardized Food Allergenic Extract; Non-Standardized Fungal Allergenic Extract,5
967033,Candida tropicalis allergenic extract,Allergen; Allergenic Extract; Established Pharmacologic Classes; Non-Standardized Fungal Allergenic Extract,4
1656052,cangrelor,Established Pharmacologic Classes; P2Y12 Platelet Inhibitor; Receptor Antagonist; Receptor Interaction,4
854025,Canis lupus familiaris hair extract,Allergen; Allergenic Extract; Epidermal and Animal Specific Allergenic Extract; Established Pharmacologic Classes; Non-Standardized Animal Hair Allergenic Extract,5
892517,cantaloupe allergenic extract,Allergen; Allergenic Extract; Established Pharmacologic Classes; Non-Standardized Food Allergenic Extract,4
851942,canyon ragweed pollen extract,Allergen; Allergenic Extract; Established Pharmacologic Classes; Non-Standardized Pollen Allergenic Extract,4
194000,capecitabine,Enzyme Inhibitor; Enzyme Interaction; Established Pharmacologic Classes; Nucleic Acid Related Agent; Nucleic Acid Synthesis Inhibitor; Nucleoside Metabolic Inhibitor,6
2362165,capmatinib,Enzyme Inhibitor; Enzyme Interaction; Established Pharmacologic Classes; Kinase Inhibitor,4
319780,Capsicum extract,Allergen; Allergenic Extract; Epidermal and Animal Specific Allergenic Extract; Established Pharmacologic Classes; Non-Standardized Food Allergenic Extract; Non-Standardized Plant Allergenic Extract,6
1998,captopril,Angiotensin Converting Enzyme Inhibitor; Anti-infective; Antimicrobial; Cardiovascular Agent; Enzyme Inhibitor; Enzyme Interaction; Established Pharmacologic Classes; Protease Inhibitor,8
899637,caraway seed allergenic extract,Allergen; Allergenic Extract; Epidermal and Animal Specific Allergenic Extract; Established Pharmacologic Classes; Non-Standardized Food Allergenic Extract; Non-Standardized Plant Allergenic Extract,6
2002,carbamazepine,Established Pharmacologic Classes; Mood Stabilizer; Nervous System Agent,3
1546387,carbamoylcholine,Cholinergic Receptor Agonist; Established Pharmacologic Classes; Nervous System Agent; Receptor Agonist; Receptor Interaction,5
2019,carbidopa,Aromatic Amino Acid Decarboxylation Inhibitor; Enzyme Inhibitor; Enzyme Interaction; Established Pharmacologic Classes,4
20220,carbinoxamine,Established Pharmacologic Classes; Histamine-1 Receptor Antagonist; Receptor Antagonist; Receptor Interaction,4
2034,carbon dioxide,Established Pharmacologic Classes; Imaging Agent; Physical or Chemical Agent; Radiographic Contrast Agent,4
40048,carboplatin,Chemical Structure; Established Pharmacologic Classes; Nucleic Acid Related Agent; Platinum-based Drug,4
2051,carboprost,Chemical Structure; Established Pharmacologic Classes; Hormone; Prostaglandin Analog,4
851926,careless weed pollen extract,Allergen; Allergenic Extract; Established Pharmacologic Classes; Non-Standardized Pollen Allergenic Extract,4
1302966,carfilzomib,Anti-infective; Antimicrobial; Enzyme Inhibitor; Enzyme Interaction; Established Pharmacologic Classes; Protease Inhibitor; Proteasome Inhibitor,7
401713,carglumic acid,Carbamoyl Phosphate Synthetase 1 Activator; Enzyme Activator; Enzyme Interaction; Established Pharmacologic Classes,4
1667655,cariprazine,Atypical antipsychotic; Established Pharmacologic Classes; Nervous System Agent,3
2101,carisoprodol,Established Pharmacologic Classes; Muscle Relaxant,2
2105,carmustine,Alkylating Drug; Established Pharmacologic Classes; Nucleic Acid Related Agent; Physical or Chemical Agent,4
904498,carob allergenic extract,Allergen; Allergenic Extract; Epidermal and Animal Specific Allergenic Extract; Established Pharmacologic Classes; Non-Standardized Food Allergenic Extract; Non-Standardized Plant Allergenic Extract,6
892368,carrot allergenic extract,Allergen; Allergenic Extract; Established Pharmacologic Classes; Non-Standardized Food Allergenic Extract,4
2116,carteolol,beta-Adrenergic Blocker; Cardiovascular Agent; Established Pharmacologic Classes; Nervous System Agent; Receptor Antagonist; Receptor Interaction,6
20352,carvedilol,alpha-Adrenergic Blocker; beta-Adrenergic Blocker; Cardiovascular Agent; Established Pharmacologic Classes; Nervous System Agent; Receptor Antagonist; Receptor Interaction,7
1305551,Carya laciniosa pollen extract,Allergen; Allergenic Extract; Established Pharmacologic Classes; Non-Standardized Pollen Allergenic Extract,4
862460,casein allergenic extract,Allergen; Allergenic Extract; Established Pharmacologic Classes; Non-Standardized Food Allergenic Extract,4
892526,cashew nut allergenic extract,Allergen; Allergenic Extract; Established Pharmacologic Classes; Non-Standardized Food Allergenic Extract,4
2480096,casimersen,Antisense Oligonucleotide; Chemical Structure; Established Pharmacologic Classes; Nucleic Acid Related Agent,4
140108,caspofungin,Anti-infective; Antifungal; Antimicrobial; Chemical Structure; Echinocandin Antifungal; Established Pharmacologic Classes,6
886638,cat flea allergenic extract,Allergen; Allergenic Extract; Epidermal and Animal Specific Allergenic Extract; Established Pharmacologic Classes; Non-Standardized Insect Allergenic Extract,5
248123,cat hair extract,Allergen; Allergenic Extract; Epidermal and Animal Specific Allergenic Extract; Established Pharmacologic Classes; Standardized Animal Hair Allergenic Extract,5
851949,cat skin extract,Allergen; Allergenic Extract; Epidermal and Animal Specific Allergenic Extract; Established Pharmacologic Classes; Standardized Animal Skin Allergenic Extract,5
899661,cauliflower allergenic extract,Allergen; Allergenic Extract; Epidermal and Animal Specific Allergenic Extract; Established Pharmacologic Classes; Non-Standardized Food Allergenic Extract; Non-Standardized Plant Allergenic Extract,6
1014191,cedar elm pollen extract,Allergen; Allergenic Extract; Established Pharmacologic Classes; Non-Standardized Pollen Allergenic Extract,4
2180,cefazolin,Anti-infective; Antibacterial; Antimicrobial; Cephalosporin Antibacterial; Chemical Structure; Established Pharmacologic Classes,6
25037,cefdinir,Anti-infective; Antibacterial; Antimicrobial; Cephalosporin Antibacterial; Chemical Structure; Established Pharmacologic Classes,6
83682,cefditoren,Anti-infective; Antibacterial; Antimicrobial; Cephalosporin Antibacterial; Chemical Structure; Established Pharmacologic Classes,6
20481,cefepime,Anti-infective; Antibacterial; Antimicrobial; Cephalosporin Antibacterial; Chemical Structure; Established Pharmacologic Classes,6
2265702,cefiderocol,Anti-infective; Antibacterial; Antimicrobial; Cephalosporin Antibacterial; Chemical Structure; Established Pharmacologic Classes,6
2186,cefotaxime,Anti-infective; Antibacterial; Antimicrobial; Cephalosporin Antibacterial; Chemical Structure; Established Pharmacologic Classes,6
2187,cefotetan,Anti-infective; Antibacterial; Antimicrobial; Cephalosporin Antibacterial; Chemical Structure; Established Pharmacologic Classes,6
2189,cefoxitin,Anti-infective; Antibacterial; Antimicrobial; Cephalosporin Antibacterial; Chemical Structure; Established Pharmacologic Classes,6
20489,cefpodoxime,Anti-infective; Antibacterial; Antimicrobial; Cephalosporin Antibacterial; Chemical Structure; Established Pharmacologic Classes,6
19552,cefprozil,Anti-infective; Antibacterial; Antimicrobial; Cephalosporin Antibacterial; Chemical Structure; Established Pharmacologic Classes,6
1040005,ceftaroline,Anti-infective; Antibacterial; Antimicrobial; Cephalosporin Antibacterial; Chemical Structure; Established Pharmacologic Classes,6
20492,ceftibuten,Anti-infective; Antibacterial; Antimicrobial; Cephalosporin Antibacterial; Chemical Structure; Established Pharmacologic Classes,6
2192,ceftizoxime,Anti-infective; Antibacterial; Antimicrobial; Cephalosporin Antibacterial; Chemical Structure; Established Pharmacologic Classes,6
2691333,ceftobiprole,Anti-infective; Antibacterial; Antimicrobial; Cephalosporin Antibacterial; Chemical Structure; Established Pharmacologic Classes,6
1597609,ceftolozane,Anti-infective; Antibacterial; Antimicrobial; Cephalosporin Antibacterial; Chemical Structure; Established Pharmacologic Classes,6
2193,ceftriaxone,Anti-infective; Antibacterial; Antimicrobial; Cephalosporin Antibacterial; Chemical Structure; Established Pharmacologic Classes,6
2194,cefuroxime,Anti-infective; Antibacterial; Antimicrobial; Cephalosporin Antibacterial; Chemical Structure; Established Pharmacologic Classes,6
140587,celecoxib,Enzyme Inhibitor; Enzyme Interaction; Established Pharmacologic Classes; Nonsteroidal Anti-inflammatory Drug,4
892372,celery allergenic extract,Allergen; Allergenic Extract; Established Pharmacologic Classes; Non-Standardized Food Allergenic Extract,4
2104332,cenegermin,Established Pharmacologic Classes; Growth Factor; Recombinant Human Nerve Growth Factor,3
1119986,Centruroides (scorpion) immune F(ab')2 (equine),Antibody or Antibody Fragment; Antidote; Antivenin; Established Pharmacologic Classes,4
1925834,Cephalosporium roseum extract,Allergen; Allergenic Extract; Established Pharmacologic Classes; Non-Standardized Fungal Allergenic Extract,4
1535457,ceritinib,Enzyme Inhibitor; Enzyme Interaction; Established Pharmacologic Classes; Kinase Inhibitor,4
709271,certolizumab pegol,Established Pharmacologic Classes; Receptor Antagonist; Receptor Interaction; Tumor Necrosis Factor Blocker,4
20610,cetirizine,Established Pharmacologic Classes; Histamine-1 Receptor Antagonist; Receptor Antagonist; Receptor Interaction,4
68147,cetrorelix,Established Pharmacologic Classes; Gonadotropin Releasing Hormone Receptor Antagonist; Receptor Antagonist; Receptor Interaction,4
318341,cetuximab,Enzyme Inhibitor; Enzyme Interaction; Epidermal Growth Factor Receptor Antagonist; Established Pharmacologic Classes; Kinase Inhibitor; Receptor Antagonist; Receptor Interaction,7
44281,cevimeline,Cholinergic Receptor Agonist; Established Pharmacologic Classes; Nervous System Agent; Receptor Agonist; Receptor Interaction,5
466197,Chaetomium globosum allergenic extract,Allergen; Allergenic Extract; Established Pharmacologic Classes; Non-Standardized Fungal Allergenic Extract,4
852225,cheat grass pollen extract,Allergen; Allergenic Extract; Established Pharmacologic Classes; Non-Standardized Pollen Allergenic Extract,4
852144,cherry birch pollen extract,Allergen; Allergenic Extract; Established Pharmacologic Classes; Non-Standardized Pollen Allergenic Extract,4
892653,chicken allergenic extract,Allergen; Allergenic Extract; Established Pharmacologic Classes; Non-Standardized Food Allergenic Extract,4
894934,chicken feather extract,Allergen; Allergenic Extract; Epidermal and Animal Specific Allergenic Extract; Established Pharmacologic Classes; Non-Standardized Feather Allergenic Extract,5
1011049,chickpea allergenic extract,Allergen; Allergenic Extract; Epidermal and Animal Specific Allergenic Extract; Established Pharmacologic Classes; Non-Standardized Food Allergenic Extract; Non-Standardized Plant Allergenic Extract,6
852844,Chinese elm pollen extract,Allergen; Allergenic Extract; Established Pharmacologic Classes; Non-Standardized Pollen Allergenic Extract,4
2167695,chinquapin oak pollen extract,Allergen; Allergenic Extract; Established Pharmacologic Classes; Non-Standardized Pollen Allergenic Extract,4
2346,chlorambucil,Alkylating Drug; Established Pharmacologic Classes; Nucleic Acid Related Agent; Physical or Chemical Agent,4
2348,chloramphenicol,Amphenicol-class Antibacterial; Anti-infective; Antibacterial; Antimicrobial; Chemical Structure; Established Pharmacologic Classes,6
2356,chlordiazepoxide,Benzodiazepine; Chemical Structure; Established Pharmacologic Classes; Ion Channel or Pump Agent; Nervous System Agent,5
20859,chloroprocaine,Anesthetic; Chemical Structure; Established Pharmacologic Classes; Ester Local Anesthetic; Local Anesthetic,5
2393,chloroquine,Anti-infective; Antimalarial; Antimicrobial; Antiprotozoal; Established Pharmacologic Classes,5
2396,chlorothiazide,Chemical Structure; Diuretic; Established Pharmacologic Classes; Thiazide Diuretic,4
2400,chlorpheniramine,Established Pharmacologic Classes; Histamine-1 Receptor Antagonist; Receptor Antagonist; Receptor Interaction,4
2403,chlorpromazine,Chemical Structure; Established Pharmacologic Classes; Nervous System Agent; Phenothiazine,4
2407,chlorquinaldol,Allergen; Established Pharmacologic Classes; Standardized Chemical Allergen,3
2409,chlorthalidone,Diuretic; Established Pharmacologic Classes; Thiazide-like Diuretic,3
2410,chlorzoxazone,Established Pharmacologic Classes; Muscle Relaxant,2
1010915,chocolate allergenic extract,Allergen; Allergenic Extract; Established Pharmacologic Classes; Non-Standardized Food Allergenic Extract,4
2418,cholecalciferol,Chemical Structure; Established Pharmacologic Classes; Hormone; Steroid; Vitamin D; Vitamin or Mineral,6
2447,cholestyramine resin,Bile Acid Sequestrant; Cardiovascular Agent; Established Pharmacologic Classes; Physical or Chemical Agent,4
1440856,cholic acid,Bile Acid; Chemical Structure; Established Pharmacologic Classes; Steroid,4
2496,chromium,Allergen; Established Pharmacologic Classes; Standardized Chemical Allergen,3
314411,Chrysonilia sitophila allergenic extract,Allergen; Allergenic Extract; Established Pharmacologic Classes; Non-Standardized Fungal Allergenic Extract,4
2540,cilastatin,Enzyme Inhibitor; Enzyme Interaction; Established Pharmacologic Classes; Renal Dehydropeptidase Inhibitor,4
21107,cilostazol,Enzyme Inhibitor; Enzyme Interaction; Established Pharmacologic Classes; Phosphodiesterase 3 Inhibitor,4
2541,cimetidine,Established Pharmacologic Classes; Gastrointestinal Agent; Histamine-2 Receptor Antagonist; Receptor Antagonist; Receptor Interaction,5
407990,cinacalcet,Calcium-sensing Receptor Agonist; Established Pharmacologic Classes; Receptor Agonist; Receptor Interaction,4
1368153,cinnamic aldehyde,Allergen; Established Pharmacologic Classes; Standardized Chemical Allergen,3
899673,cinnamon allergenic extract,Allergen; Allergenic Extract; Established Pharmacologic Classes; Non-Standardized Food Allergenic Extract,4
285245,cinnamon preparation,Allergen; Allergenic Extract; Established Pharmacologic Classes; Non-Standardized Food Allergenic Extract,4
1362889,cinnamyl alcohol,Allergen; Established Pharmacologic Classes; Standardized Chemical Allergen,3
2551,ciprofloxacin,Anti-infective; Antibacterial; Antimicrobial; Chemical Structure; Established Pharmacologic Classes; Fluoroquinolone Antibacterial,6
319864,cisatracurium,Established Pharmacologic Classes; Ion Channel or Pump Agent; Neuromuscular Blocker; Nondepolarizing Neuromuscular Blocker; Receptor Antagonist; Receptor Interaction,6
2555,cisplatin,Chemical Structure; Established Pharmacologic Classes; Nucleic Acid Related Agent; Platinum-based Drug,4
2556,citalopram,Established Pharmacologic Classes; Nervous System Agent; Selective serotonin reuptake inhibitor,3
867198,Cladosporium cladosporioides extract,Allergen; Allergenic Extract; Established Pharmacologic Classes; Non-Standardized Fungal Allergenic Extract,4
466198,Cladosporium herbarum allergenic extract,Allergen; Allergenic Extract; Established Pharmacologic Classes; Non-Standardized Fungal Allergenic Extract,4
867202,cladosporium sphaerospermum allergenic extract,Allergen; Allergenic Extract; Established Pharmacologic Classes; Non-Standardized Fungal Allergenic Extract,4
44157,cladribine,Antimetabolite; Enzyme Inhibitor; Enzyme Interaction; Established Pharmacologic Classes; Nucleic Acid Related Agent; Nucleic Acid Synthesis Inhibitor; Purine Antimetabolite,7
892539,clam allergenic extract,Allergen; Allergenic Extract; Established Pharmacologic Classes; Non-Standardized Food Allergenic Extract,4
21212,clarithromycin,Anti-infective; Antimicrobial; Chemical Structure; Established Pharmacologic Classes; Macrolide; Macrolide Antimicrobial,6
2474340,clascoterone,Androgen Receptor Inhibitor; Established Pharmacologic Classes; Receptor Antagonist; Receptor Interaction,4
2716802,clesrovimab,Antibody or Antibody Fragment; Established Pharmacologic Classes; Respiratory Agent; Respiratory Syncytial Virus Anti-F Protein Monoclonal Antibody,4
233603,clevidipine,Calcium Channel Agent; Cardiovascular Agent; Dihydropyridine Calcium Channel Blocker; Established Pharmacologic Classes; Ion Channel or Pump Agent,5
21232,clidinium,Anticholinergic; Established Pharmacologic Classes; Gastrointestinal Agent; Nervous System Agent; Receptor Antagonist; Receptor Interaction,6
2582,clindamycin,Anti-infective; Antibacterial; Antimicrobial; Chemical Structure; Established Pharmacologic Classes; Lincosamide Antibacterial,6
5942,clioquinol,Allergen; Established Pharmacologic Classes; Standardized Chemical Allergen,3
21241,clobazam,Benzodiazepine; Chemical Structure; Established Pharmacologic Classes; Ion Channel or Pump Agent; Nervous System Agent,5
2590,clobetasol,Chemical Structure; Corticosteroid; Established Pharmacologic Classes; Hormone; Receptor Agonist; Receptor Interaction; Steroid,7
21249,clocortolone,Chemical Structure; Corticosteroid; Established Pharmacologic Classes; Hormone; Receptor Agonist; Receptor Interaction; Steroid,7
44151,clofarabine,Enzyme Inhibitor; Enzyme Interaction; Established Pharmacologic Classes; Nucleic Acid Related Agent; Nucleic Acid Synthesis Inhibitor; Nucleoside Metabolic Inhibitor,6
2596,clomiphene,Established Pharmacologic Classes; Estrogen Agonist/Antagonist; Receptor Agonist; Receptor Antagonist; Receptor Interaction,5
2597,clomipramine,Chemical Structure; Established Pharmacologic Classes; Nervous System Agent; Tricyclic Antidepressant,4
2598,clonazepam,Benzodiazepine; Chemical Structure; Established Pharmacologic Classes; Ion Channel or Pump Agent; Nervous System Agent,5
2599,clonidine,Adrenergic Receptor Agonist; Alpha-2 adrenergic agonist; alpha-Adrenergic Agonist; Established Pharmacologic Classes; Nervous System Agent; Receptor Agonist; Receptor Interaction; Sympathomimetic Agent,8
1426481,Clonostachys rosea f. rosea allergenic extract,Allergen; Allergenic Extract; Established Pharmacologic Classes; Non-Standardized Fungal Allergenic Extract,4
32968,clopidogrel,Established Pharmacologic Classes; P2Y12 Platelet Inhibitor; Receptor Antagonist; Receptor Interaction,4
2623,clotrimazole,Anti-infective; Antifungal; Antimicrobial; Azole Antifungal; Chemical Structure; Established Pharmacologic Classes,6
899724,clove allergenic extract,Allergen; Allergenic Extract; Epidermal and Animal Specific Allergenic Extract; Established Pharmacologic Classes; Non-Standardized Food Allergenic Extract; Non-Standardized Plant Allergenic Extract,6
1364295,clove preparation,Allergen; Allergenic Extract; Epidermal and Animal Specific Allergenic Extract; Established Pharmacologic Classes; Non-Standardized Food Allergenic Extract; Non-Standardized Plant Allergenic Extract,6
2626,clozapine,Atypical antipsychotic; Established Pharmacologic Classes; Nervous System Agent,3
852302,coast live oak pollen extract,Allergen; Allergenic Extract; Established Pharmacologic Classes; Non-Standardized Pollen Allergenic Extract,4
851736,coast maple pollen extract,Allergen; Allergenic Extract; Established Pharmacologic Classes; Non-Standardized Pollen Allergenic Extract,4
852011,coast sage pollen extract,Allergen; Allergenic Extract; Established Pharmacologic Classes; Non-Standardized Pollen Allergenic Extract,4
1310300,cobalt,Allergen; Established Pharmacologic Classes; Standardized Chemical Allergen,3
1306284,cobicistat,Cytochrome P450 3A Inhibitor; Enzyme Inhibitor; Enzyme Interaction; Established Pharmacologic Classes,4
1722365,cobimetinib,Enzyme Inhibitor; Enzyme Interaction; Established Pharmacologic Classes; Kinase Inhibitor,4
1549330,Coccidioides immitis spherule,Diagnostic Agent; Established Pharmacologic Classes; Skin Test Antigen,3
852264,Cochliobolus lunatus allergenic extract,Allergen; Allergenic Extract; Established Pharmacologic Classes; Non-Standardized Fungal Allergenic Extract,4
852398,Cochliobolus sativus allergenic extract,Allergen; Allergenic Extract; Established Pharmacologic Classes; Non-Standardized Fungal Allergenic Extract,4
995699,cochliobolus spicifer allergenic extract,Allergen; Allergenic Extract; Established Pharmacologic Classes; Non-Standardized Fungal Allergenic Extract,4
852025,cocklebur pollen extract,Allergen; Allergenic Extract; Established Pharmacologic Classes; Non-Standardized Pollen Allergenic Extract,4
891721,cocoa bean allergenic extract,Allergen; Allergenic Extract; Established Pharmacologic Classes; Non-Standardized Food Allergenic Extract,4
1373895,cocoa extract,Allergen; Allergenic Extract; Established Pharmacologic Classes; Non-Standardized Food Allergenic Extract,4
891611,coconut allergenic extract,Allergen; Allergenic Extract; Established Pharmacologic Classes; Non-Standardized Food Allergenic Extract,4
1372248,coconut extract,Allergen; Allergenic Extract; Established Pharmacologic Classes; Non-Standardized Food Allergenic Extract,4
1426437,"cod, unspecified preparation",Allergen; Allergenic Extract; Established Pharmacologic Classes; Non-Standardized Food Allergenic Extract,4
892543,codfish allergenic extract,Allergen; Allergenic Extract; Established Pharmacologic Classes; Non-Standardized Food Allergenic Extract,4
2695791,Coffea arabica seed extract,Allergen; Allergenic Extract; Epidermal and Animal Specific Allergenic Extract; Established Pharmacologic Classes; Non-Standardized Food Allergenic Extract; Non-Standardized Plant Allergenic Extract,6
891727,coffee bean allergenic extract,Allergen; Allergenic Extract; Established Pharmacologic Classes; Non-Standardized Food Allergenic Extract,4
1307595,Cola acuminata seed extract,Allergen; Allergenic Extract; Epidermal and Animal Specific Allergenic Extract; Established Pharmacologic Classes; Non-Standardized Food Allergenic Extract; Non-Standardized Plant Allergenic Extract,6
2683,colchicine,Alkaloid; Chemical Structure; Established Pharmacologic Classes,3
141626,colesevelam,Bile Acid Sequestrant; Cardiovascular Agent; Established Pharmacologic Classes; Physical or Chemical Agent,4
2685,colestipol,Bile Acid Sequestrant; Cardiovascular Agent; Established Pharmacologic Classes; Physical or Chemical Agent,4
58939,collagenase,Collagen-specific Enzyme; Enzyme; Established Pharmacologic Classes,3
898492,collagenase Clostridium histolyticum,Collagen-specific Enzyme; Enzyme; Established Pharmacologic Classes,3
1192729,Colletotrichum coccodes allergenic extract,Allergen; Allergenic Extract; Established Pharmacologic Classes; Non-Standardized Fungal Allergenic Extract,4
221082,colloidal oatmeal,Allergen; Allergenic Extract; Epidermal and Animal Specific Allergenic Extract; Established Pharmacologic Classes; Non-Standardized Food Allergenic Extract; Non-Standardized Plant Allergenic Extract,6
1484937,colonial bent grass pollen extract,Allergen; Allergenic Extract; Established Pharmacologic Classes; Non-Standardized Pollen Allergenic Extract,4
902215,common cocklebur pollen extract,Allergen; Allergenic Extract; Established Pharmacologic Classes; Non-Standardized Pollen Allergenic Extract,4
1484979,common hazel pollen extract,Allergen; Allergenic Extract; Established Pharmacologic Classes; Non-Standardized Pollen Allergenic Extract,4
852020,common sagebrush pollen extract,Allergen; Allergenic Extract; Established Pharmacologic Classes; Non-Standardized Pollen Allergenic Extract,4
1297527,common wasp venom protein,Allergen; Allergenic Extract; Epidermal and Animal Specific Allergenic Extract; Established Pharmacologic Classes; Standardized Insect Allergenic Extract; Standardized Insect Venom Allergenic Extract,6
2708333,concizumab,Established Pharmacologic Classes; Hematology Agent; Tissue Factor Pathway Inhibitor Antagonist,3
901191,Concord grape allergenic extract,Allergen; Allergenic Extract; Epidermal and Animal Specific Allergenic Extract; Established Pharmacologic Classes; Non-Standardized Food Allergenic Extract; Non-Standardized Plant Allergenic Extract,6
895353,Cootamundra wattle pollen extract,Allergen; Allergenic Extract; Established Pharmacologic Classes; Non-Standardized Pollen Allergenic Extract,4
2837,copper,Copper-containing Intrauterine Device; Established Pharmacologic Classes; Physical or Chemical Agent,3
892547,corn allergenic extract,Allergen; Allergenic Extract; Established Pharmacologic Classes; Non-Standardized Food Allergenic Extract,4
1423924,corn grain extract,Allergen; Allergenic Extract; Epidermal and Animal Specific Allergenic Extract; Established Pharmacologic Classes; Non-Standardized Food Allergenic Extract; Non-Standardized Plant Allergenic Extract,6
852015,corn pollen extract,Allergen; Allergenic Extract; Established Pharmacologic Classes; Non-Standardized Pollen Allergenic Extract,4
314488,corn smut allergenic extract,Allergen; Allergenic Extract; Established Pharmacologic Classes; Non-Standardized Fungal Allergenic Extract,4
376,corticotropin,Adrenocorticotropic Hormone; Chemical Structure; Established Pharmacologic Classes; Hormone,4
2878,cortisone,Chemical Structure; Corticosteroid; Established Pharmacologic Classes; Hormone; Receptor Agonist; Receptor Interaction; Steroid,7
1603849,Corylus americana nut oil,Allergen; Allergenic Extract; Epidermal and Animal Specific Allergenic Extract; Established Pharmacologic Classes; Non-Standardized Food Allergenic Extract; Non-Standardized Plant Allergenic Extract,6
2717511,cosibelimab,Established Pharmacologic Classes; Immunologic Agent; Programmed Death Ligand-1 Blocker,3
2890,cosyntropin,Adrenocorticotropic Hormone; Chemical Structure; Established Pharmacologic Classes; Hormone,4
966925,cotton fiber allergenic extract,Allergen; Allergenic Extract; Epidermal and Animal Specific Allergenic Extract; Established Pharmacologic Classes; Non-Standardized Plant Allergenic Extract; Non-Standardized Plant Fiber Allergenic Extract,6
852440,cottonseed allergenic extract,Allergen; Allergenic Extract; Epidermal and Animal Specific Allergenic Extract; Established Pharmacologic Classes; Non-Standardized Plant Allergenic Extract,5
853406,cottonseed extract,Allergen; Allergenic Extract; Epidermal and Animal Specific Allergenic Extract; Established Pharmacologic Classes; Non-Standardized Plant Allergenic Extract,5
892665,cow milk allergenic extract,Allergen; Allergenic Extract; Established Pharmacologic Classes; Non-Standardized Food Allergenic Extract,4
892610,crab allergenic extract,Allergen; Allergenic Extract; Established Pharmacologic Classes; Non-Standardized Food Allergenic Extract,4
899734,cranberry allergenic extract,Allergen; Allergenic Extract; Epidermal and Animal Specific Allergenic Extract; Established Pharmacologic Classes; Non-Standardized Food Allergenic Extract; Non-Standardized Plant Allergenic Extract,6
125933,cranberry preparation,Allergen; Allergenic Extract; Epidermal and Animal Specific Allergenic Extract; Established Pharmacologic Classes; Non-Standardized Food Allergenic Extract; Non-Standardized Plant Allergenic Extract,6
1094116,creeping bentgrass pollen extract,Allergen; Allergenic Extract; Established Pharmacologic Classes; Non-Standardized Pollen Allergenic Extract,4
1484980,crested dogstail pollen extract,Allergen; Allergenic Extract; Established Pharmacologic Classes; Non-Standardized Pollen Allergenic Extract,4
973447,cricket allergenic extract,Allergen; Allergenic Extract; Epidermal and Animal Specific Allergenic Extract; Established Pharmacologic Classes; Non-Standardized Insect Allergenic Extract,5
2701386,crinecerfont,Corticotropin-releasing Factor Type 1 Receptor Antagonist; Established Pharmacologic Classes; Receptor Antagonist; Receptor Interaction,4
1865953,crisaborole,Enzyme Inhibitor; Enzyme Interaction; Established Pharmacologic Classes; Phosphodiesterase 4 Inhibitor,4
2262279,crizanlizumab,Enzyme Inhibitor; Enzyme Interaction; Established Pharmacologic Classes; Selectin Blocker,4
1148495,crizotinib,Enzyme Inhibitor; Enzyme Interaction; Established Pharmacologic Classes; Kinase Inhibitor,4
1364449,crofelemer,Antidiarrheal; Established Pharmacologic Classes; Gastrointestinal Agent,3
42612,cromolyn,Established Pharmacologic Classes; Mast Cell Stabilizer; Respiratory Agent,3
885185,Crotalus adamanteus antivenin,Antibody or Antibody Fragment; Antidote; Antivenin; Established Pharmacologic Classes,4
885187,Crotalus atrox antivenin,Antibody or Antibody Fragment; Antidote; Antivenin; Established Pharmacologic Classes,4
885189,Crotalus scutulatus antivenin,Antibody or Antibody Fragment; Antidote; Antivenin; Established Pharmacologic Classes,4
2686619,crovalimab,Classical Complement Pathway Inhibitor; Complement C5 Inhibitor; Complement Inhibitor; Established Pharmacologic Classes; Hematology Agent; Immunologic Agent,6
899738,cucumber allergenic extract,Allergen; Allergenic Extract; Established Pharmacologic Classes; Non-Standardized Food Allergenic Extract,4
1305719,cucumber extract,Allergen; Allergenic Extract; Established Pharmacologic Classes; Non-Standardized Food Allergenic Extract,4
2700058,Cucumis sativus fruit extract,Allergen; Allergenic Extract; Established Pharmacologic Classes; Non-Standardized Food Allergenic Extract,4
1098118,cultivated barley pollen extract,Allergen; Allergenic Extract; Established Pharmacologic Classes; Non-Standardized Pollen Allergenic Extract,4
901369,cultivated mushroom allergenic extract,Allergen; Allergenic Extract; Established Pharmacologic Classes; Non-Standardized Food Allergenic Extract,4
852114,cultivated oat pollen extract,Allergen; Allergenic Extract; Established Pharmacologic Classes; Non-Standardized Pollen Allergenic Extract,4
1014774,cultivated rye grass pollen extract,Allergen; Allergenic Extract; Established Pharmacologic Classes; Non-Standardized Pollen Allergenic Extract,4
901365,cumin allergenic extract,Allergen; Allergenic Extract; Epidermal and Animal Specific Allergenic Extract; Established Pharmacologic Classes; Non-Standardized Food Allergenic Extract; Non-Standardized Plant Allergenic Extract,6
999438,Curvularia inequalis allergenic extract,Allergen; Allergenic Extract; Established Pharmacologic Classes; Non-Standardized Fungal Allergenic Extract,4
21949,cyclobenzaprine,Established Pharmacologic Classes; Muscle Relaxant,2
3008,cyclosporine,Calcineurin Inhibitor Immunosuppressant; Enzyme Inhibitor; Enzyme Interaction; Established Pharmacologic Classes; Immunologic Agent,5
235940,Cynara preparation,Allergen; Allergenic Extract; Epidermal and Animal Specific Allergenic Extract; Established Pharmacologic Classes; Non-Standardized Food Allergenic Extract; Non-Standardized Plant Allergenic Extract,6
3022,cysteamine,Cystine Depleting Agent; Established Pharmacologic Classes; Physical or Chemical Agent,3
3041,cytarabine,Enzyme Inhibitor; Enzyme Interaction; Established Pharmacologic Classes; Nucleic Acid Related Agent; Nucleic Acid Synthesis Inhibitor; Nucleoside Metabolic Inhibitor,6
2168418,Cytisus scoparius flowering top extract,Allergen; Allergenic Extract; Epidermal and Animal Specific Allergenic Extract; Established Pharmacologic Classes; Non-Standardized Plant Allergenic Extract,5
1546356,dabigatran,Anti-infective; Antimicrobial; Direct Thrombin Inhibitor; Enzyme Inhibitor; Enzyme Interaction; Established Pharmacologic Classes; Hematology Agent; Protease Inhibitor,8
1424911,dabrafenib,Enzyme Inhibitor; Enzyme Interaction; Established Pharmacologic Classes; Kinase Inhibitor,4
3098,dacarbazine,Alkylating Drug; Established Pharmacologic Classes; Nucleic Acid Related Agent; Physical or Chemical Agent,4
3100,dactinomycin,Actinomycin; Chemical Structure; Established Pharmacologic Classes,3
1539239,dalbavancin,Anti-infective; Antibacterial; Antimicrobial; Chemical Structure; Established Pharmacologic Classes; Lipoglycopeptide Antibacterial,6
897018,dalfampridine,Established Pharmacologic Classes; Ion Channel or Pump Agent; Potassium Channel Blocker,3
67109,dalteparin,Anti-coagulant; Chemical Structure; Established Pharmacologic Classes; Hematology Agent; Low Molecular Weight Heparin,5
3102,danazol,Androgen; Chemical Structure; Established Pharmacologic Classes; Hormone; Receptor Agonist; Receptor Interaction; Steroid,7
852079,dandelion pollen extract,Allergen; Allergenic Extract; Established Pharmacologic Classes; Non-Standardized Pollen Allergenic Extract,4
2678952,danicopan,Complement Factor D Inhibitor; Complement Inhibitor; Established Pharmacologic Classes; Hematology Agent; Immunologic Agent,5
3105,dantrolene,Established Pharmacologic Classes; Muscle Relaxant; Skeletal Muscle Relaxant,3
1488564,dapagliflozin,Blood Glucose Regulator; Established Pharmacologic Classes; Sodium-Glucose Cotransporter 2 Inhibitor,3
22298,dapiprazole,alpha-Adrenergic Blocker; Established Pharmacologic Classes; Nervous System Agent; Receptor Antagonist; Receptor Interaction,5
2628210,daprodustat,Enzyme Inhibitor; Enzyme Interaction; Established Pharmacologic Classes; Hypoxia-inducible Factor Inhibitor; Hypoxia-inducible Factor Prolyl Hydroxylase Inhibitor,5
3108,dapsone,Chemical Structure; Established Pharmacologic Classes; Sulfone,3
22299,daptomycin,Anti-infective; Antibacterial; Antimicrobial; Chemical Structure; Established Pharmacologic Classes; Lipopeptide Antibacterial,6
1721947,daratumumab,Antibody or Antibody Fragment; CD38-directed Cytolytic Antibody; Established Pharmacologic Classes,3
283838,darbepoetin alfa,Erythropoiesis-stimulating Agent; Established Pharmacologic Classes; Hematology Agent,3
2591497,daridorexant,Established Pharmacologic Classes; Orexin Receptor Antagonist; Receptor Antagonist; Receptor Interaction,4
136198,darifenacin,Cardiovascular Agent; Cholinergic Muscarinic Antagonist; Established Pharmacologic Classes; Nervous System Agent; Receptor Antagonist; Receptor Interaction,6
896246,dark leaved mugwort pollen extract,Allergen; Allergenic Extract; Established Pharmacologic Classes; Non-Standardized Pollen Allergenic Extract,4
460132,darunavir,Anti-infective; Antimicrobial; Enzyme Inhibitor; Enzyme Interaction; Established Pharmacologic Classes; Protease Inhibitor,6
2535233,dasiglucagon,Antihypoglycemic Agent; Blood Glucose Regulator; Established Pharmacologic Classes,3
899742,date allergenic extract,Allergen; Allergenic Extract; Epidermal and Animal Specific Allergenic Extract; Established Pharmacologic Classes; Non-Standardized Food Allergenic Extract; Non-Standardized Plant Allergenic Extract,6
852704,date palm pollen extract,Allergen; Allergenic Extract; Established Pharmacologic Classes; Non-Standardized Pollen Allergenic Extract,4
3109,daunorubicin,Anthracycline Topoisomerase Inhibitor; Enzyme Inhibitor; Enzyme Interaction; Established Pharmacologic Classes; Nucleic Acid Related Agent; Nucleic Acid Synthesis Inhibitor; Topoisomerase Inhibitor,7
1872905,deacetylbisacodyl,Established Pharmacologic Classes; Gastrointestinal Agent; Stimulant Laxative,3
15657,decitabine,Enzyme Inhibitor; Enzyme Interaction; Established Pharmacologic Classes; Nucleic Acid Related Agent; Nucleic Acid Synthesis Inhibitor; Nucleoside Metabolic Inhibitor,6
614373,deferasirox,Established Pharmacologic Classes; Iron Chelator; Metal Chelator; Physical or Chemical Agent,4
11645,deferiprone,Established Pharmacologic Classes; Iron Chelator; Metal Chelator; Physical or Chemical Agent,4
3131,deferoxamine,Established Pharmacologic Classes; Iron Chelator; Metal Chelator; Physical or Chemical Agent,4
22396,deflazacort,Chemical Structure; Corticosteroid; Established Pharmacologic Classes; Hormone; Receptor Agonist; Receptor Interaction; Steroid,7
475230,degarelix,Established Pharmacologic Classes; Gonadotropin Releasing Hormone Receptor Antagonist; Receptor Antagonist; Receptor Interaction,4
1927663,delafloxacin,Anti-infective; Antibacterial; Antimicrobial; Chemical Structure; Established Pharmacologic Classes; Fluoroquinolone Antibacterial,6
2721163,delgocitinib,Enzyme Inhibitor; Enzyme Interaction; Established Pharmacologic Classes; Janus Kinase Inhibitor; Kinase Inhibitor,5
3154,demeclocycline,Anti-infective; Antimicrobial; Chemical Structure; Established Pharmacologic Classes; Tetracycline-class Antimicrobial; Tetracycline-class Drug,6
995703,dendryphiella vinosa allergenic extract,Allergen; Allergenic Extract; Established Pharmacologic Classes; Non-Standardized Fungal Allergenic Extract,4
214470,denileukin diftitox,CD25-directed Cytotoxin; Cytotoxin; Established Pharmacologic Classes,3
993449,denosumab,Established Pharmacologic Classes; RANK Ligand Inhibitor; Receptor Interaction,3
851981,desert ragweed pollen extract,Allergen; Allergenic Extract; Established Pharmacologic Classes; Non-Standardized Pollen Allergenic Extract,4
27340,desflurane,Anesthetic; Established Pharmacologic Classes; General Anesthetic,3
3247,desipramine,Chemical Structure; Established Pharmacologic Classes; Nervous System Agent; Tricyclic Antidepressant,4
114934,desirudin,Anti-coagulant; Anti-infective; Antimicrobial; Direct Thrombin Inhibitor; Enzyme Inhibitor; Enzyme Interaction; Established Pharmacologic Classes; Hematology Agent; Protease Inhibitor,9
275635,desloratadine,Established Pharmacologic Classes; Histamine-1 Receptor Antagonist; Receptor Antagonist; Receptor Interaction,4
3251,desmopressin,Chemical Structure; Established Pharmacologic Classes; Factor VIII Activator; Hematology Agent; Hormone; Vasopressin Analog,6
22656,desogestrel,Chemical Structure; Established Pharmacologic Classes; Hormone; Progestin; Steroid,5
3254,desonide,Chemical Structure; Corticosteroid; Established Pharmacologic Classes; Hormone; Receptor Agonist; Receptor Interaction; Steroid,7
3255,desoximetasone,Chemical Structure; Corticosteroid; Established Pharmacologic Classes; Hormone; Receptor Agonist; Receptor Interaction; Steroid,7
734064,desvenlafaxine,Established Pharmacologic Classes; Nervous System Agent; Serotonin and Norepinephrine Reuptake Inhibitor,3
2612087,deucravacitinib,Enzyme Inhibitor; Enzyme Interaction; Established Pharmacologic Classes; Janus Kinase Inhibitor; Kinase Inhibitor; Tyrosine Kinase 2 Inhibitor,6
2716558,deuruxolitinib,Enzyme Inhibitor; Enzyme Interaction; Established Pharmacologic Classes; Janus Kinase Inhibitor; Kinase Inhibitor,5
2701430,deutivacaftor,Cystic Fibrosis Transmembrane Conductance Regulator Potentiator; Established Pharmacologic Classes; Ion Channel or Pump Agent; Respiratory Agent,4
3264,dexamethasone,Chemical Structure; Corticosteroid; Established Pharmacologic Classes; Hormone; Receptor Agonist; Receptor Interaction; Steroid,7
816346,dexlansoprazole,Established Pharmacologic Classes; Gastrointestinal Agent; Ion Channel or Pump Agent; Proton Pump Inhibitor,4
48937,dexmedetomidine,Adrenergic Receptor Agonist; Alpha-2 adrenergic agonist; alpha-Adrenergic Agonist; Established Pharmacologic Classes; Nervous System Agent; Receptor Agonist; Receptor Interaction; Sympathomimetic Agent,8
352372,dexmethylphenidate,Central Nervous System Stimulant; Established Pharmacologic Classes; Nervous System Agent,3
42736,dexrazoxane,Cytoprotective Agent; Established Pharmacologic Classes; Gastrointestinal Agent,3
3272,dextran 40,Cardiovascular Agent; Established Pharmacologic Classes; Hematology Agent; Physical or Chemical Agent; Plasma Volume Expander,5
3274,dextran 70,Cardiovascular Agent; Established Pharmacologic Classes; Hematology Agent; Physical or Chemical Agent; Plasma Volume Expander,5
3275,dextran 75,Cardiovascular Agent; Established Pharmacologic Classes; Hematology Agent; Physical or Chemical Agent; Plasma Volume Expander,5
3288,dextroamphetamine,Central Nervous System Stimulant; Established Pharmacologic Classes; Nervous System Agent,3
3289,dextromethorphan,Established Pharmacologic Classes; Ion Channel or Pump Agent; Nervous System Agent; Receptor Agonist; Receptor Antagonist; Receptor Interaction; Sigma-1 Agonist; Uncompetitive N-methyl-D-aspartate Receptor Antagonist,8
1546223,diatrizoic acid,Established Pharmacologic Classes; Imaging Agent; Physical or Chemical Agent; Radiographic Contrast Agent,4
3322,diazepam,Benzodiazepine; Chemical Structure; Established Pharmacologic Classes; Ion Channel or Pump Agent; Nervous System Agent,5
1310602,diazolidinylurea,Allergen; Established Pharmacologic Classes; Standardized Chemical Allergen,3
3339,dibucaine,Allergen; Established Pharmacologic Classes; Standardized Chemical Allergen,3
3353,dichlorphenamide,Carbonic Anhydrase Inhibitor; Enzyme Inhibitor; Enzyme Interaction; Established Pharmacologic Classes,4
3355,diclofenac,Enzyme Inhibitor; Enzyme Interaction; Established Pharmacologic Classes; Nonsteroidal Anti-inflammatory Drug,4
3356,dicloxacillin,Anti-infective; Antibacterial; Antimicrobial; Chemical Structure; Established Pharmacologic Classes; Penicillin-class Antibacterial,6
3361,dicyclomine,Anticholinergic; Established Pharmacologic Classes; Gastrointestinal Agent; Nervous System Agent; Receptor Antagonist; Receptor Interaction,6
3364,didanosine,Anti-infective; Antimicrobial; Enzyme Inhibitor; Enzyme Interaction; Established Pharmacologic Classes; Human Immunodeficiency Virus Nucleoside Analog Reverse Transcriptase Inhibitor; Nucleic Acid Related Agent; Nucleic Acid Synthesis Inhibitor; Nucleoside Analog Antiviral,9
22968,dienogest,Chemical Structure; Established Pharmacologic Classes; Hormone; Progestin; Steroid,5
3389,diethylpropion,Chemical Structure; Established Pharmacologic Classes; Nervous System Agent; Sympathomimetic Agent; Sympathomimetic Amine Anorectic,5
2569089,difelikefalin,Established Pharmacologic Classes; Kappa Opioid Receptor Agonist; Nervous System Agent; Opioid Agonist; Receptor Agonist; Receptor Interaction,6
23024,difenoxin,Antidiarrheal; Established Pharmacologic Classes; Gastrointestinal Agent,3
91311,diflorasone,Chemical Structure; Corticosteroid; Established Pharmacologic Classes; Hormone; Receptor Agonist; Receptor Interaction; Steroid,7
3393,diflunisal,Enzyme Inhibitor; Enzyme Interaction; Established Pharmacologic Classes; Nonsteroidal Anti-inflammatory Drug,4
3407,digoxin,Cardiac Glycoside; Cardiovascular Agent; Chemical Structure; Established Pharmacologic Classes,4
23066,dihematoporphyrin ether,Established Pharmacologic Classes; Photoactivated Radical Generator; Physical or Chemical Agent,3
23088,dihydrocodeine,Established Pharmacologic Classes; Nervous System Agent; Opioid Agonist; Receptor Agonist; Receptor Interaction,5
3418,dihydroergotamine,Chemical Structure; Ergotamine Derivative; Established Pharmacologic Classes; Nervous System Agent,4
975763,dill allergenic extract,Allergen; Allergenic Extract; Epidermal and Animal Specific Allergenic Extract; Established Pharmacologic Classes; Non-Standardized Food Allergenic Extract; Non-Standardized Plant Allergenic Extract,6
3443,diltiazem,Calcium Channel Agent; Calcium Channel Blocker; Cardiovascular Agent; Established Pharmacologic Classes; Ion Channel or Pump Agent,5
3445,dimercaprol,Established Pharmacologic Classes; Metal Chelator; Physical or Chemical Agent,3
3478,dinoprostone,Chemical Structure; Established Pharmacologic Classes; Hormone; Prostaglandin Analog,4
1606274,dinutuximab,Antibody or Antibody Fragment; Established Pharmacologic Classes; Glycolipid Disialoganglioside-directed Antibody,3
1426773,dipentamethylenethiuram disulfide,Allergen; Established Pharmacologic Classes; Standardized Chemical Allergen,3
3498,diphenhydramine,Established Pharmacologic Classes; Histamine-1 Receptor Antagonist; Receptor Antagonist; Receptor Interaction,4
3500,diphenoxylate,Antidiarrheal; Established Pharmacologic Classes; Gastrointestinal Agent,3
1368170,diphenylguanidine,Allergen; Established Pharmacologic Classes; Standardized Chemical Allergen,3
798304,"diphtheria toxoid vaccine, inactivated",Established Pharmacologic Classes; Inactivated Corynebacterium Diphtheriae Vaccine; Vaccine,3
3521,dipyridamole,Established Pharmacologic Classes; Hematology Agent; Platelet Aggregation Inhibitor,3
3541,disopyramide,Antiarrhythmic; Cardiovascular Agent; Established Pharmacologic Classes,3
1368171,disperse blue 106,Allergen; Established Pharmacologic Classes; Standardized Chemical Allergen,3
3554,disulfiram,Aldehyde Dehydrogenase Inhibitor; Enzyme Inhibitor; Enzyme Interaction; Established Pharmacologic Classes,4
3616,dobutamine,Adrenergic Receptor Agonist; beta-Adrenergic Agonist; Established Pharmacologic Classes; Nervous System Agent; Receptor Agonist; Receptor Interaction; Sympathomimetic Agent,7
49247,dofetilide,Antiarrhythmic; Cardiovascular Agent; Established Pharmacologic Classes,3
2167551,dog dander extract,Allergen; Allergenic Extract; Epidermal and Animal Specific Allergenic Extract; Established Pharmacologic Classes; Non-Standardized Animal Dander Allergenic Extract,5
886637,dog flea allergenic extract,Allergen; Allergenic Extract; Epidermal and Animal Specific Allergenic Extract; Established Pharmacologic Classes; Non-Standardized Insect Allergenic Extract,5
894987,dog skin extract,Allergen; Allergenic Extract; Epidermal and Animal Specific Allergenic Extract; Established Pharmacologic Classes; Non-Standardized Animal Skin Allergenic Extract,5
867218,dogfennel pollen extract,Allergen; Allergenic Extract; Established Pharmacologic Classes; Non-Standardized Pollen Allergenic Extract,4
68091,dolasetron,Established Pharmacologic Classes; Nervous System Agent; Receptor Antagonist; Receptor Interaction; Serotonin-3 Receptor Antagonist,5
1433868,dolutegravir,Anti-infective; Antimicrobial; Enzyme Inhibitor; Enzyme Interaction; Established Pharmacologic Classes; Human Immunodeficiency Virus Integrase Strand Transfer Inhibitor,6
2166591,domestic cow dander extract,Allergen; Allergenic Extract; Epidermal and Animal Specific Allergenic Extract; Established Pharmacologic Classes; Non-Standardized Animal Dander Allergenic Extract,5
895488,domestic cow hair extract,Allergen; Allergenic Extract; Epidermal and Animal Specific Allergenic Extract; Established Pharmacologic Classes; Non-Standardized Animal Hair Allergenic Extract,5
852256,domestic cow skin extract,Allergen; Allergenic Extract; Epidermal and Animal Specific Allergenic Extract; Established Pharmacologic Classes; Non-Standardized Animal Skin Allergenic Extract,5
895503,domestic goat hair extract,Allergen; Allergenic Extract; Epidermal and Animal Specific Allergenic Extract; Established Pharmacologic Classes; Non-Standardized Animal Hair Allergenic Extract,5
852252,domestic goat skin extract,Allergen; Allergenic Extract; Epidermal and Animal Specific Allergenic Extract; Established Pharmacologic Classes; Non-Standardized Animal Skin Allergenic Extract,5
135447,donepezil,Cholinesterase Inhibitor; Enzyme Inhibitor; Enzyme Interaction; Established Pharmacologic Classes; Nervous System Agent,5
3628,dopamine,Cardiovascular Agent; Catecholamine; Chemical Structure; Established Pharmacologic Classes; Nervous System Agent; Sympathomimetic Agent,6
2055755,doravirine,Anti-infective; Antimicrobial; Enzyme Inhibitor; Enzyme Interaction; Established Pharmacologic Classes; Human Immunodeficiency Virus 1 Non-Nucleoside Analog Reverse Transcriptase Inhibitor; Nucleic Acid Related Agent; Nucleic Acid Synthesis Inhibitor,8
337623,dornase alfa,Enzyme; Established Pharmacologic Classes; Recombinant Human Deoxyribonuclease 1,3
60207,dorzolamide,Carbonic Anhydrase Inhibitor; Enzyme Inhibitor; Enzyme Interaction; Established Pharmacologic Classes,4
2539967,dostarlimab,Antibody or Antibody Fragment; Established Pharmacologic Classes; Immunologic Agent; Programmed Death Receptor-1 Blocking Antibody,4
1098257,Douglas fir pollen extract,Allergen; Allergenic Extract; Established Pharmacologic Classes; Non-Standardized Pollen Allergenic Extract,4
3637,doxapram,Established Pharmacologic Classes; Respiratory Agent; Respiratory Stimulant,3
49276,doxazosin,alpha-Adrenergic Blocker; Established Pharmacologic Classes; Nervous System Agent; Receptor Antagonist; Receptor Interaction,5
3638,doxepin,Chemical Structure; Established Pharmacologic Classes; Nervous System Agent; Tricyclic Antidepressant,4
11516,doxercalciferol,Chemical Structure; Established Pharmacologic Classes; Hormone; Steroid; Vitamin D2 Analog; Vitamin or Mineral,6
3639,doxorubicin,Anthracycline Topoisomerase Inhibitor; Enzyme Inhibitor; Enzyme Interaction; Established Pharmacologic Classes; Nucleic Acid Related Agent; Nucleic Acid Synthesis Inhibitor; Topoisomerase Inhibitor,7
3640,doxycycline,Chemical Structure; Established Pharmacologic Classes; Tetracycline-class Drug,3
3642,doxylamine,Established Pharmacologic Classes; H1 antihistamine; Receptor Antagonist; Receptor Interaction; Respiratory Agent,5
10402,dronabinol,Cannabinoid; Chemical Structure; Established Pharmacologic Classes; Nervous System Agent; Receptor Agonist; Receptor Interaction,6
233698,dronedarone,Antiarrhythmic; Cardiovascular Agent; Established Pharmacologic Classes,3
3648,droperidol,Dopamine-2 Receptor Antagonist; Established Pharmacologic Classes; Nervous System Agent; Receptor Antagonist; Receptor Interaction,5
11636,drospirenone,Chemical Structure; Established Pharmacologic Classes; Hormone; Progestin; Steroid,5
972037,duck allergenic extract,Allergen; Allergenic Extract; Established Pharmacologic Classes; Non-Standardized Food Allergenic Extract,4
892851,duck feather extract,Allergen; Allergenic Extract; Epidermal and Animal Specific Allergenic Extract; Established Pharmacologic Classes; Non-Standardized Feather Allergenic Extract,5
1551291,dulaglutide,Blood Glucose Regulator; Established Pharmacologic Classes; GLP-1 Receptor Agonist; Receptor Agonist; Receptor Interaction,5
72625,duloxetine,Established Pharmacologic Classes; Nervous System Agent; Serotonin and Norepinephrine Reuptake Inhibitor,3
1876376,dupilumab,Established Pharmacologic Classes; Immunologic Agent; Interleukin Agent; Interleukin-4 Receptor alpha Antagonist; Receptor Antagonist; Receptor Interaction,6
2639089,durlobactam,beta Lactamase Inhibitor; Enzyme Inhibitor; Enzyme Interaction; Established Pharmacologic Classes,4
1919503,durvalumab,Established Pharmacologic Classes; Immunologic Agent; Programmed Death Ligand-1 Blocker,3
228790,dutasteride,5-alpha Reductase Inhibitor; Enzyme Inhibitor; Enzyme Interaction; Established Pharmacologic Classes,4
852363,eastern cottonwood pollen extract,Allergen; Allergenic Extract; Established Pharmacologic Classes; Non-Standardized Pollen Allergenic Extract,4
852746,eastern sycamore pollen extract,Allergen; Allergenic Extract; Established Pharmacologic Classes; Non-Standardized Pollen Allergenic Extract,4
852738,eastern white pine pollen extract,Allergen; Allergenic Extract; Established Pharmacologic Classes; Non-Standardized Pollen Allergenic Extract,4
1297529,eastern yellow jacket venom protein,Allergen; Allergenic Extract; Epidermal and Animal Specific Allergenic Extract; Established Pharmacologic Classes; Standardized Insect Allergenic Extract; Standardized Insect Venom Allergenic Extract,6
658708,ecallantide,Anti-infective; Antimicrobial; Enzyme Inhibitor; Enzyme Interaction; Established Pharmacologic Classes; Plasma Kallikrein Inhibitor; Protease Inhibitor,7
3743,econazole,Anti-infective; Antifungal; Antimicrobial; Azole Antifungal; Chemical Structure; Established Pharmacologic Classes,6
89778,ecothiopate,Cholinesterase Inhibitor; Enzyme Inhibitor; Enzyme Interaction; Established Pharmacologic Classes; Nervous System Agent,5
591781,eculizumab,Complement Inhibitor; Established Pharmacologic Classes; Hematology Agent; Immunologic Agent,4
3755,edetic acid,Anti-coagulant; Established Pharmacologic Classes; Hematology Agent; Lead Chelator; Metal Chelator; Physical or Chemical Agent,6
1599538,edoxaban,Enzyme Inhibitor; Enzyme Interaction; Established Pharmacologic Classes; Factor Xa Inhibitor; Hematology Agent,5
195085,efavirenz,Anti-infective; Antimicrobial; Enzyme Inhibitor; Enzyme Interaction; Established Pharmacologic Classes; Human Immunodeficiency Virus 1 Non-Nucleoside Analog Reverse Transcriptase Inhibitor; Nucleic Acid Related Agent; Nucleic Acid Synthesis Inhibitor,8
2670630,efbemalenograstim alfa,Established Pharmacologic Classes; Growth Factor; Leukocyte Growth Factor,3
2587717,efgartigimod alfa,Established Pharmacologic Classes; Neonatal Fc Receptor Blocker; Receptor Antagonist; Receptor Interaction,4
1539753,efinaconazole,Anti-infective; Antifungal; Antimicrobial; Azole Antifungal; Chemical Structure; Established Pharmacologic Classes,6
2612526,eflapegrastim,Established Pharmacologic Classes; Growth Factor; Leukocyte Growth Factor,3
569,eflornithine,Anti-infective; Antimicrobial; Antiprotozoal; Decarboxylase Inhibitor; Enzyme Inhibitor; Enzyme Interaction; Established Pharmacologic Classes,7
904507,egg (chicken) allergenic extract,Allergen; Allergenic Extract; Established Pharmacologic Classes; Non-Standardized Food Allergenic Extract,4
1315115,egg extract,Allergen; Allergenic Extract; Established Pharmacologic Classes; Non-Standardized Food Allergenic Extract,4
892616,egg white (chicken) allergenic extract,Allergen; Allergenic Extract; Established Pharmacologic Classes; Non-Standardized Food Allergenic Extract,4
892620,egg yolk (chicken) allergenic extract,Allergen; Allergenic Extract; Established Pharmacologic Classes; Non-Standardized Food Allergenic Extract,4
972601,eggplant allergenic extract,Allergen; Allergenic Extract; Epidermal and Animal Specific Allergenic Extract; Established Pharmacologic Classes; Non-Standardized Food Allergenic Extract; Non-Standardized Plant Allergenic Extract,6
1315116,eggplant extract,Allergen; Allergenic Extract; Epidermal and Animal Specific Allergenic Extract; Established Pharmacologic Classes; Non-Standardized Food Allergenic Extract; Non-Standardized Plant Allergenic Extract,6
2628469,elacestrant,Established Pharmacologic Classes; Estrogen Receptor Antagonist; Receptor Antagonist; Receptor Interaction,4
2684941,elafibranor,Established Pharmacologic Classes; Peroxisome Proliferator-activated Receptor Agonist; Receptor Agonist; Receptor Interaction,4
2049846,elagolix,Established Pharmacologic Classes; Gonadotropin Releasing Hormone Receptor Antagonist; Receptor Antagonist; Receptor Interaction,4
1734628,elbasvir,Anti-infective; Antimicrobial; Established Pharmacologic Classes; Hepatitis C Virus NS5A Inhibitor,4
231049,eletriptan,Established Pharmacologic Classes; Nervous System Agent; Receptor Agonist; Receptor Interaction; Serotonin-1b and Serotonin-1d Receptor Agonist,5
1547220,eliglustat,Enzyme Inhibitor; Enzyme Interaction; Established Pharmacologic Classes; Glucosylceramide Synthase Inhibitor,4
1489914,elosulfase alfa,Enzyme; Established Pharmacologic Classes; Hydrolytic Lysosomal Glycosaminoglycan-specific Enzyme,3
1726104,elotuzumab,Antibody or Antibody Fragment; Established Pharmacologic Classes; Immunologic Agent; SLAMF7-directed Immunostimulatory Antibody,4
711942,eltrombopag,Established Pharmacologic Classes; Hematology Agent; Receptor Agonist; Receptor Interaction; Thrombopoietin Receptor Agonist,5
1653781,eluxadoline,Established Pharmacologic Classes; mu-Opioid Receptor Agonist; Receptor Agonist; Receptor Interaction,4
1306286,elvitegravir,Anti-infective; Antimicrobial; Enzyme Inhibitor; Enzyme Interaction; Established Pharmacologic Classes; Human Immunodeficiency Virus Integrase Strand Transfer Inhibitor,6
2104604,emapalumab,Established Pharmacologic Classes; Immunologic Agent; Interferon gamma Blocker,3
1545653,empagliflozin,Blood Glucose Regulator; Established Pharmacologic Classes; Sodium-Glucose Cotransporter 2 Inhibitor,3
276237,emtricitabine,Anti-infective; Antimicrobial; Enzyme Inhibitor; Enzyme Interaction; Established Pharmacologic Classes; Human Immunodeficiency Virus Nucleoside Analog Reverse Transcriptase Inhibitor; Nucleic Acid Related Agent; Nucleic Acid Synthesis Inhibitor; Nucleoside Analog Antiviral,9
3827,enalapril,Angiotensin Converting Enzyme Inhibitor; Anti-infective; Antimicrobial; Cardiovascular Agent; Enzyme Inhibitor; Enzyme Interaction; Established Pharmacologic Classes; Protease Inhibitor,8
1940332,enasidenib,Enzyme Inhibitor; Enzyme Interaction; Established Pharmacologic Classes; Isocitrate Dehydrogenase 2 Inhibitor,4
1484984,English oak pollen extract,Allergen; Allergenic Extract; Established Pharmacologic Classes; Non-Standardized Pollen Allergenic Extract,4
852742,English plantain pollen extract,Allergen; Allergenic Extract; Established Pharmacologic Classes; Non-Standardized Pollen Allergenic Extract,4
974140,English sole allergenic extract,Allergen; Allergenic Extract; Established Pharmacologic Classes; Non-Standardized Food Allergenic Extract,4
891687,English walnut allergenic extract,Allergen; Allergenic Extract; Established Pharmacologic Classes; Non-Standardized Food Allergenic Extract,4
852577,English walnut pollen extract,Allergen; Allergenic Extract; Established Pharmacologic Classes; Non-Standardized Pollen Allergenic Extract,4
67108,enoxaparin,Chemical Structure; Established Pharmacologic Classes; Hematology Agent; Low Molecular Weight Heparin,4
2687215,ensifentrine,Enzyme Inhibitor; Enzyme Interaction; Established Pharmacologic Classes; Phosphodiesterase 3 Inhibitor; Phosphodiesterase 4 Inhibitor,5
60307,entacapone,Catechol-O-methyltransferase inhibitor; Enzyme Inhibitor; Enzyme Interaction; Established Pharmacologic Classes,4
1307298,enzalutamide,Androgen Receptor Inhibitor; Established Pharmacologic Classes; Receptor Antagonist; Receptor Interaction,4
2637392,epcoritamab,Bispecific CD20-directed CD3 T Cell Engager; Established Pharmacologic Classes; Receptor Interaction,3
3966,ephedrine,Adrenergic Receptor Agonist; alpha-Adrenergic Agonist; beta-Adrenergic Agonist; Established Pharmacologic Classes; Nervous System Agent; Norepinephrine Releasing Agent; Receptor Agonist; Receptor Interaction; Sympathomimetic Agent,9
852466,Epicoccum nigrum allergenic extract,Allergen; Allergenic Extract; Established Pharmacologic Classes; Non-Standardized Fungal Allergenic Extract,4
995707,epidermophyton floccosum allergenic extract,Allergen; Allergenic Extract; Established Pharmacologic Classes; Non-Standardized Fungal Allergenic Extract,4
39684,epinastine,Adrenergic Receptor Agonist; Established Pharmacologic Classes; Histamine-1 Receptor Inhibitor; Nervous System Agent; Receptor Agonist; Receptor Antagonist; Receptor Interaction; Sympathomimetic Agent,8
3992,epinephrine,Adrenergic Receptor Agonist; alpha-Adrenergic Agonist; beta-Adrenergic Agonist; Cardiovascular Agent; Catecholamine; Chemical Structure; Established Pharmacologic Classes; Nervous System Agent; Receptor Agonist; Receptor Interaction; Sympathomimetic Agent,11
3995,epirubicin,Anthracycline Topoisomerase Inhibitor; Enzyme Inhibitor; Enzyme Interaction; Established Pharmacologic Classes; Nucleic Acid Related Agent; Nucleic Acid Synthesis Inhibitor; Topoisomerase Inhibitor,7
298869,eplerenone,Aldosterone Antagonist; Cardiovascular Agent; Established Pharmacologic Classes; Receptor Antagonist; Receptor Interaction,5
2671939,eplontersen,Antisense Oligonucleotide; Chemical Structure; Established Pharmacologic Classes; Nucleic Acid Related Agent; Transthyretin-directed RNA Interaction,5
105694,epoetin alfa,Erythropoiesis-stimulating Agent; Established Pharmacologic Classes; Hematology Agent,3
8814,epoprostenol,Cardiovascular Agent; Chemical Structure; Established Pharmacologic Classes; Prostacycline; Prostacycline Vasodilator; Vasodilator,6
83515,eprosartan,Angiotensin 2 Receptor Blocker; Cardiovascular Agent; Established Pharmacologic Classes; Receptor Antagonist; Receptor Interaction,5
75635,eptifibatide,Established Pharmacologic Classes; Hematology Agent; Platelet Aggregation Inhibitor,3
2282660,eptinezumab,Calcitonin Gene-related Peptide Antagonist; Established Pharmacologic Classes; Receptor Interaction,3
2055906,eravacycline,Anti-infective; Antibacterial; Antimicrobial; Chemical Structure; Established Pharmacologic Classes; Tetracycline-class Antibacterial; Tetracycline-class Drug,7
2123125,erdafitinib,Enzyme Inhibitor; Enzyme Interaction; Established Pharmacologic Classes; Kinase Inhibitor,4
4018,ergocalciferol,Established Pharmacologic Classes; Provitamin D2 Compound; Vitamin or Mineral,3
4025,ergotamine,Chemical Structure; Ergotamine Derivative; Established Pharmacologic Classes; Nervous System Agent,4
1045453,eribulin,Established Pharmacologic Classes; Microtubule Inhibitor; Nucleic Acid Related Agent,3
337525,erlotinib,Enzyme Inhibitor; Enzyme Interaction; Established Pharmacologic Classes; Kinase Inhibitor,4
325642,ertapenem,Anti-infective; Antibacterial; Antimicrobial; Chemical Structure; Established Pharmacologic Classes; Penem Antibacterial,6
4053,erythromycin,Anti-infective; Antimicrobial; Chemical Structure; Established Pharmacologic Classes; Macrolide; Macrolide Antimicrobial,6
321988,escitalopram,Established Pharmacologic Classes; Nervous System Agent; Selective serotonin reuptake inhibitor,3
49737,esmolol,beta-Adrenergic Blocker; Cardiovascular Agent; Established Pharmacologic Classes; Nervous System Agent; Receptor Antagonist; Receptor Interaction,6
283742,esomeprazole,Established Pharmacologic Classes; Gastrointestinal Agent; Ion Channel or Pump Agent; Proton Pump Inhibitor,4
4077,estazolam,Benzodiazepine; Chemical Structure; Established Pharmacologic Classes; Ion Channel or Pump Agent; Nervous System Agent,5
2539031,estetrol,Chemical Structure; Established Pharmacologic Classes; Estrogen; Hormone; Receptor Agonist; Receptor Interaction; Steroid,7
4083,estradiol,Chemical Structure; Established Pharmacologic Classes; Estrogen; Hormone; Receptor Agonist; Receptor Interaction; Steroid,7
4099,"estrogens, conjugated (USP)",Chemical Structure; Established Pharmacologic Classes; Estrogen; Hormone; Receptor Agonist; Receptor Interaction; Steroid,7
214555,etanercept,Established Pharmacologic Classes; Receptor Antagonist; Receptor Interaction; Tumor Necrosis Factor Blocker,4
1876119,etelcalcetide,Calcium-sensing Receptor Agonist; Established Pharmacologic Classes; Receptor Agonist; Receptor Interaction,4
1810569,eteplirsen,Antisense Oligonucleotide; Chemical Structure; Established Pharmacologic Classes; Nucleic Acid Related Agent,4
4110,ethambutol,Anti-infective; Antibacterial; Antimicrobial; Antimycobacterial; Established Pharmacologic Classes,5
24457,ethanolamine,Cardiovascular Agent; Established Pharmacologic Classes; Physical or Chemical Agent; Sclerosing Agent,4
4124,ethinyl estradiol,Chemical Structure; Established Pharmacologic Classes; Estrogen; Hormone; Receptor Agonist; Receptor Interaction; Steroid,7
4135,ethosuximide,Anti-epileptic Agent; Established Pharmacologic Classes; Nervous System Agent,3
1362892,ethyl-p-hydroxybenzoate,Allergen; Established Pharmacologic Classes; Standardized Chemical Allergen,3
4158,ethylenediamine,Allergen; Established Pharmacologic Classes; Standardized Chemical Allergen,3
24591,ethynodiol,Chemical Structure; Established Pharmacologic Classes; Hormone; Progestin; Steroid,5
24605,etodolac,Enzyme Inhibitor; Enzyme Interaction; Established Pharmacologic Classes; Nonsteroidal Anti-inflammatory Drug,4
4177,etomidate,Anesthetic; Established Pharmacologic Classes; General Anesthetic,3
14584,etonogestrel,Chemical Structure; Established Pharmacologic Classes; Hormone; Progestin; Steroid,5
4179,etoposide,Enzyme Inhibitor; Enzyme Interaction; Established Pharmacologic Classes; Nucleic Acid Related Agent; Nucleic Acid Synthesis Inhibitor; Topoisomerase Inhibitor,6
475969,etravirine,Anti-infective; Antimicrobial; Enzyme Inhibitor; Enzyme Interaction; Established Pharmacologic Classes; Human Immunodeficiency Virus 1 Non-Nucleoside Analog Reverse Transcriptase Inhibitor; Nucleic Acid Related Agent; Nucleic Acid Synthesis Inhibitor,8
852386,Eucalyptus globulus pollen extract,Allergen; Allergenic Extract; Established Pharmacologic Classes; Non-Standardized Pollen Allergenic Extract,4
4186,eugenol,Allergen; Established Pharmacologic Classes; Standardized Chemical Allergen,3
2166596,European aspen pollen extract,Allergen; Allergenic Extract; Established Pharmacologic Classes; Non-Standardized Pollen Allergenic Extract,4
1484981,European beech pollen extract,Allergen; Allergenic Extract; Established Pharmacologic Classes; Non-Standardized Pollen Allergenic Extract,4
1116979,European house dust mite allergenic extract,Allergen; Allergenic Extract; Epidermal and Animal Specific Allergenic Extract; Established Pharmacologic Classes; Standardized Insect Allergenic Extract,5
852653,european olive pollen extract,Allergen; Allergenic Extract; Established Pharmacologic Classes; Non-Standardized Pollen Allergenic Extract,4
895527,European rabbit hair extract,Allergen; Allergenic Extract; Epidermal and Animal Specific Allergenic Extract; Established Pharmacologic Classes; Non-Standardized Animal Hair Allergenic Extract,5
895195,European rabbit skin extract,Allergen; Allergenic Extract; Epidermal and Animal Specific Allergenic Extract; Established Pharmacologic Classes; Non-Standardized Animal Skin Allergenic Extract,5
999450,Eurotium herbariorum allergenic extract,Allergen; Allergenic Extract; Established Pharmacologic Classes; Non-Standardized Fungal Allergenic Extract,4
1352501,Evernia prunastri extract,Allergen; Established Pharmacologic Classes; Standardized Chemical Allergen,3
141704,everolimus,Enzyme Inhibitor; Enzyme Interaction; Established Pharmacologic Classes; Immunologic Agent; Kinase Inhibitor; mTOR Inhibitor Immunosuppressant,6
2478335,evinacumab,Angiopoietin-like 3 Inhibitor; Cardiovascular Agent; Established Pharmacologic Classes,3
1665684,evolocumab,Anti-infective; Antimicrobial; Enzyme Inhibitor; Enzyme Interaction; Established Pharmacologic Classes; PCSK9 Inhibitor; Protease Inhibitor,7
258494,exemestane,Aromatase Inhibitor; Enzyme Inhibitor; Enzyme Interaction; Established Pharmacologic Classes,4
60548,exenatide,Blood Glucose Regulator; Established Pharmacologic Classes; GLP-1 Receptor Agonist; Receptor Agonist; Receptor Interaction,5
341248,ezetimibe,Cardiovascular Agent; Dietary Cholesterol Absorption Inhibitor; Established Pharmacologic Classes,3
851938,false ragweed pollen extract,Allergen; Allergenic Extract; Established Pharmacologic Classes; Non-Standardized Pollen Allergenic Extract,4
4278,famotidine,Established Pharmacologic Classes; Gastrointestinal Agent; Histamine-2 Receptor Antagonist; Receptor Antagonist; Receptor Interaction,5
73689,febuxostat,Enzyme Inhibitor; Enzyme Interaction; Established Pharmacologic Classes; Xanthine Oxidase Inhibitor,4
24812,felbamate,Anti-epileptic Agent; Established Pharmacologic Classes; Nervous System Agent,3
4316,felodipine,Calcium Channel Agent; Cardiovascular Agent; Dihydropyridine Calcium Channel Blocker; Established Pharmacologic Classes; Ion Channel or Pump Agent,5
8703,fenofibrate,Established Pharmacologic Classes; Peroxisome Proliferator Receptor alpha Agonist; Peroxisome Proliferator-activated Receptor Agonist; Receptor Agonist; Receptor Interaction,5
4331,fenoprofen,Enzyme Inhibitor; Enzyme Interaction; Established Pharmacologic Classes; Nonsteroidal Anti-inflammatory Drug,4
4337,fentanyl,Established Pharmacologic Classes; Nervous System Agent; Opioid Agonist; Receptor Agonist; Receptor Interaction,5
1546357,ferric cation,Chemical Structure; Established Pharmacologic Classes; Parenteral Iron Replacement; Phosphate Binder; Physical or Chemical Agent; Vitamin or Mineral,6
473387,ferumoxytol,Chemical Structure; Established Pharmacologic Classes; Parenteral Iron Replacement; Vitamin or Mineral,4
2564146,fexinidazole,Anti-infective; Antimicrobial; Chemical Structure; Established Pharmacologic Classes; Nitroimidazole Antimicrobial,5
87636,fexofenadine,Established Pharmacologic Classes; Histamine-1 Receptor Antagonist; Receptor Antagonist; Receptor Interaction,4
2637134,fezolinetant,Established Pharmacologic Classes; Neurokinin 3 Receptor Antagonist; Receptor Antagonist; Receptor Interaction,4
1111103,fidaxomicin,Anti-infective; Antibacterial; Antimicrobial; Chemical Structure; Established Pharmacologic Classes; Macrolide; Macrolide Antibacterial,7
973880,fig allergenic extract,Allergen; Allergenic Extract; Epidermal and Animal Specific Allergenic Extract; Established Pharmacologic Classes; Non-Standardized Food Allergenic Extract; Non-Standardized Plant Allergenic Extract,6
68442,filgrastim,Established Pharmacologic Classes; Growth Factor; Leukocyte Growth Factor,3
25025,finasteride,5-alpha Reductase Inhibitor; Enzyme Inhibitor; Enzyme Interaction; Established Pharmacologic Classes,4
2562811,finerenone,Established Pharmacologic Classes; Nonsteroidal Mineralocorticoid-Receptor Antagonist; Receptor Antagonist; Receptor Interaction,4
1012892,fingolimod,Established Pharmacologic Classes; Immunologic Agent; Receptor Interaction; Sphingosine 1-phosphate Receptor Modulator,4
2709439,fitusiran,Antithrombin-directed RNA Interaction; Established Pharmacologic Classes; Hematology Agent; Nucleic Acid Related Agent; Small Interfering RNA,5
852124,fivehorn smotherweed pollen extract,Allergen; Allergenic Extract; Established Pharmacologic Classes; Non-Standardized Pollen Allergenic Extract,4
4440,flavoxate,Cardiovascular Agent; Cholinergic Muscarinic Antagonist; Established Pharmacologic Classes; Nervous System Agent; Receptor Antagonist; Receptor Interaction,6
318224,flaxseed extract,Allergen; Allergenic Extract; Epidermal and Animal Specific Allergenic Extract; Established Pharmacologic Classes; Non-Standardized Food Allergenic Extract; Non-Standardized Plant Allergenic Extract,6
4441,flecainide,Antiarrhythmic; Cardiovascular Agent; Established Pharmacologic Classes,3
899746,flounder allergenic extract,Allergen; Allergenic Extract; Established Pharmacologic Classes; Non-Standardized Food Allergenic Extract,4
4488,floxuridine,Antimetabolite; Enzyme Inhibitor; Enzyme Interaction; Established Pharmacologic Classes; Nucleic Acid Related Agent; Nucleic Acid Synthesis Inhibitor,6
4450,fluconazole,Anti-infective; Antifungal; Antimicrobial; Azole Antifungal; Chemical Structure; Established Pharmacologic Classes,6
4451,flucytosine,Anti-infective; Antifungal; Antimicrobial; Established Pharmacologic Classes; Nucleoside Analog Antifungal,5
24698,fludarabine,Enzyme Inhibitor; Enzyme Interaction; Established Pharmacologic Classes; Nucleic Acid Related Agent; Nucleic Acid Synthesis Inhibitor; Nucleoside Metabolic Inhibitor,6
4457,flumazenil,Benzodiazepine Antagonist; Established Pharmacologic Classes; Ion Channel or Pump Agent; Nervous System Agent,4
4462,fluocinonide,Chemical Structure; Corticosteroid; Established Pharmacologic Classes; Hormone; Receptor Agonist; Receptor Interaction; Steroid,7
25138,fluorescein,Diagnostic Agent; Diagnostic Dye; Established Pharmacologic Classes; Imaging Agent; Physical or Chemical Agent,5
1362737,fluorodeoxyglucose F18,Diagnostic Agent; Established Pharmacologic Classes; Imaging Agent; Physical or Chemical Agent; Radioactive Diagnostic Agent,5
4491,fluorometholone,Chemical Structure; Corticosteroid; Established Pharmacologic Classes; Hormone; Receptor Agonist; Receptor Interaction; Steroid,7
4492,fluorouracil,Enzyme Inhibitor; Enzyme Interaction; Established Pharmacologic Classes; Nucleic Acid Related Agent; Nucleic Acid Synthesis Inhibitor; Nucleoside Metabolic Inhibitor,6
4493,fluoxetine,Established Pharmacologic Classes; Nervous System Agent; Selective serotonin reuptake inhibitor,3
4494,fluoxymesterone,Androgen; Chemical Structure; Established Pharmacologic Classes; Hormone; Receptor Agonist; Receptor Interaction; Steroid,7
4496,fluphenazine,Chemical Structure; Established Pharmacologic Classes; Nervous System Agent; Phenothiazine,4
4500,flurandrenolide,Chemical Structure; Corticosteroid; Established Pharmacologic Classes; Hormone; Receptor Agonist; Receptor Interaction; Steroid,7
4501,flurazepam,Benzodiazepine; Chemical Structure; Established Pharmacologic Classes; Ion Channel or Pump Agent; Nervous System Agent,5
4502,flurbiprofen,Enzyme Inhibitor; Enzyme Interaction; Established Pharmacologic Classes; Nonsteroidal Anti-inflammatory Drug,4
4508,flutamide,Androgen Receptor Inhibitor; Established Pharmacologic Classes; Receptor Antagonist; Receptor Interaction,4
41126,fluticasone,Chemical Structure; Corticosteroid; Established Pharmacologic Classes; Hormone; Receptor Agonist; Receptor Interaction; Steroid,7
41127,fluvastatin,Cardiovascular Agent; Enzyme Inhibitor; Enzyme Interaction; Established Pharmacologic Classes; HMG-CoA Reductase Inhibitor,5
42355,fluvoxamine,Established Pharmacologic Classes; Nervous System Agent; Selective serotonin reuptake inhibitor,3
227518,follicle stimulating hormone,Chemical Structure; Established Pharmacologic Classes; Gonadotropin; Hormone,4
15226,fomepizole,Antidote; Established Pharmacologic Classes,2
321208,fondaparinux,Enzyme Inhibitor; Enzyme Interaction; Established Pharmacologic Classes; Factor Xa Inhibitor; Hematology Agent,5
1427137,"foreskin fibroblast, neonatal",Allogeneic Cultured Cell Scaffold; Established Pharmacologic Classes,2
1427138,"foreskin keratinocyte, neonatal",Allogeneic Cultured Cell Scaffold; Established Pharmacologic Classes,2
4530,formaldehyde,Allergen; Established Pharmacologic Classes; Standardized Chemical Allergen,3
25255,formoterol,Adrenergic Receptor Agonist; beta-Adrenergic Agonist; beta2-Adrenergic Agonist; Established Pharmacologic Classes; Nervous System Agent; Receptor Agonist; Receptor Interaction; Sympathomimetic Agent,8
33562,foscarnet,Anti-infective; Antimicrobial; Enzyme Inhibitor; Enzyme Interaction; Established Pharmacologic Classes; Nucleic Acid Related Agent; Nucleic Acid Synthesis Inhibitor; Pyrophosphate Analog DNA Polymerase Inhibitor,8
2531288,fosdenopterin,Chemical Structure; Cyclic Pyranopterin Monophosphate; Established Pharmacologic Classes,3
50166,fosinopril,Angiotensin Converting Enzyme Inhibitor; Anti-infective; Antimicrobial; Cardiovascular Agent; Enzyme Inhibitor; Enzyme Interaction; Established Pharmacologic Classes; Protease Inhibitor,8
1546393,fosinoprilat,Angiotensin Converting Enzyme Inhibitor; Anti-infective; Antimicrobial; Cardiovascular Agent; Enzyme Inhibitor; Enzyme Interaction; Established Pharmacologic Classes; Protease Inhibitor,8
852355,Fremont cottonwood pollen extract,Allergen; Allergenic Extract; Established Pharmacologic Classes; Non-Standardized Pollen Allergenic Extract,4
228783,frovatriptan,Established Pharmacologic Classes; Nervous System Agent; Receptor Agonist; Receptor Interaction; Serotonin-1b and Serotonin-1d Receptor Agonist,5
282357,fulvestrant,Established Pharmacologic Classes; Estrogen Receptor Antagonist; Receptor Antagonist; Receptor Interaction,4
4603,furosemide,Diuretic; Established Pharmacologic Classes; Loop Diuretic,3
999457,Fusarium compactum allergenic extract,Allergen; Allergenic Extract; Established Pharmacologic Classes; Non-Standardized Fungal Allergenic Extract,4
2101722,Fusarium oxysporum allergenic extract,Allergen; Allergenic Extract; Established Pharmacologic Classes; Non-Standardized Fungal Allergenic Extract,4
867228,Fusarium oxysporum vasinfectum allergenic extract,Allergen; Allergenic Extract; Established Pharmacologic Classes; Non-Standardized Fungal Allergenic Extract,4
2628190,futibatinib,Enzyme Inhibitor; Enzyme Interaction; Established Pharmacologic Classes; Kinase Inhibitor,4
41144,gadodiamide,Established Pharmacologic Classes; Imaging Agent; Paramagnetic Contrast Agent; Physical or Chemical Agent,4
1364290,gadofosveset,Established Pharmacologic Classes; Imaging Agent; Paramagnetic Contrast Agent; Physical or Chemical Agent,4
1546429,gadolinium cation (3+),Established Pharmacologic Classes; Gadolinium-based Contrast Agent; Imaging Agent; Physical or Chemical Agent,4
25483,gadoteridol,Established Pharmacologic Classes; Imaging Agent; Paramagnetic Contrast Agent; Physical or Chemical Agent,4
4637,galantamine,Cholinesterase Inhibitor; Enzyme Inhibitor; Enzyme Interaction; Established Pharmacologic Classes; Nervous System Agent,5
578033,galsulfase,Enzyme; Established Pharmacologic Classes; Hydrolytic Lysosomal Glycosaminoglycan-specific Enzyme,3
852276,Gambels oak pollen extract,Allergen; Allergenic Extract; Established Pharmacologic Classes; Non-Standardized Pollen Allergenic Extract,4
2604689,ganaxolone,Established Pharmacologic Classes; gamma-Aminobutyric Acid A Receptor Agonist; gamma-Aminobutyric Acid-ergic Agonist; Ion Channel or Pump Agent; Neuroactive Steroid Gamma-Aminobutyric Acid A Receptor Positive Modulator; Receptor Agonist; Receptor Interaction,7
4678,ganciclovir,Anti-infective; Antimicrobial; Cytomegalovirus Nucleoside Analog DNA Polymerase Inhibitor; Enzyme Inhibitor; Enzyme Interaction; Established Pharmacologic Classes; Nucleic Acid Related Agent; Nucleic Acid Synthesis Inhibitor; Nucleoside Analog Antiviral,9
35825,ganirelix,Established Pharmacologic Classes; Gonadotropin Releasing Hormone Receptor Antagonist; Receptor Antagonist; Receptor Interaction,4
899414,garlic allergenic extract,Allergen; Allergenic Extract; Established Pharmacologic Classes; Non-Standardized Food Allergenic Extract,4
265647,garlic preparation,Allergen; Allergenic Extract; Established Pharmacologic Classes; Non-Standardized Food Allergenic Extract,4
900987,Garrys oak pollen extract,Allergen; Allergenic Extract; Established Pharmacologic Classes; Non-Standardized Pollen Allergenic Extract,4
328134,gefitinib,Enzyme Inhibitor; Enzyme Interaction; Established Pharmacologic Classes; Kinase Inhibitor,4
12574,gemcitabine,Enzyme Inhibitor; Enzyme Interaction; Established Pharmacologic Classes; Nucleic Acid Related Agent; Nucleic Acid Synthesis Inhibitor; Nucleoside Metabolic Inhibitor,6
4719,gemfibrozil,Established Pharmacologic Classes; Peroxisome Proliferator Receptor alpha Agonist; Peroxisome Proliferator-activated Receptor Agonist; Receptor Agonist; Receptor Interaction,5
138099,gemifloxacin,Anti-infective; Antimicrobial; Chemical Structure; Established Pharmacologic Classes; Quinolone Antimicrobial,5
1294580,gemtuzumab ozogamicin,Antibody or Antibody Fragment; CD33-directed Immunoconjugate; Established Pharmacologic Classes; Immunologic Agent,4
1596450,gentamicin,Aminoglycoside Antibacterial; Anti-infective; Antibacterial; Antimicrobial; Chemical Structure; Established Pharmacologic Classes,6
999463,Geotrichum candidum allergenic extract,Allergen; Allergenic Extract; Established Pharmacologic Classes; Non-Standardized Fungal Allergenic Extract,4
2709212,gepotidacin,Enzyme Inhibitor; Enzyme Interaction; Established Pharmacologic Classes; Nucleic Acid Related Agent; Nucleic Acid Synthesis Inhibitor; Topoisomerase Inhibitor; Triazaacenaphthylene Bacterial Type II Topoisomerase Inhibitor,7
1368875,geraniol,Allergen; Established Pharmacologic Classes; Standardized Chemical Allergen,3
905276,German cockroach allergenic extract,Allergen; Allergenic Extract; Epidermal and Animal Specific Allergenic Extract; Established Pharmacologic Classes; Non-Standardized Insect Allergenic Extract,5
1297531,German wasp venom protein,Allergen; Allergenic Extract; Epidermal and Animal Specific Allergenic Extract; Established Pharmacologic Classes; Standardized Insect Allergenic Extract; Standardized Insect Venom Allergenic Extract,6
851998,giant ragweed pollen extract,Allergen; Allergenic Extract; Established Pharmacologic Classes; Non-Standardized Pollen Allergenic Extract,4
900148,giant wild rye pollen extract,Allergen; Allergenic Extract; Established Pharmacologic Classes; Non-Standardized Pollen Allergenic Extract,4
2043450,Gibberella fujikuroi extract,Allergen; Allergenic Extract; Established Pharmacologic Classes; Non-Standardized Fungal Allergenic Extract,4
1922751,Gibberella zeae allergenic extract,Allergen; Allergenic Extract; Established Pharmacologic Classes; Non-Standardized Fungal Allergenic Extract,4
899420,ginger allergenic extract,Allergen; Allergenic Extract; Epidermal and Animal Specific Allergenic Extract; Established Pharmacologic Classes; Non-Standardized Food Allergenic Extract; Non-Standardized Plant Allergenic Extract,6
285241,ginger extract,Allergen; Allergenic Extract; Epidermal and Animal Specific Allergenic Extract; Established Pharmacologic Classes; Non-Standardized Food Allergenic Extract; Non-Standardized Plant Allergenic Extract,6
125921,ginger root,Allergen; Allergenic Extract; Epidermal and Animal Specific Allergenic Extract; Established Pharmacologic Classes; Non-Standardized Food Allergenic Extract; Non-Standardized Plant Allergenic Extract,6
2678889,givinostat,Enzyme Inhibitor; Enzyme Interaction; Established Pharmacologic Classes; Histone Deacetylase Inhibitor; Nucleic Acid Related Agent,5
2265712,givosiran,Aminolevulinate Synthase 1-directed RNA Interaction; Antisense Oligonucleotide; Chemical Structure; Established Pharmacologic Classes; Nucleic Acid Related Agent; Small Interfering RNA; Transthyretin-directed RNA Interaction,7
2105845,glasdegib,Established Pharmacologic Classes; Hedgehog Pathway Inhibitor; Receptor Antagonist; Receptor Interaction,4
1940635,glecaprevir,Anti-infective; Antimicrobial; Enzyme Inhibitor; Enzyme Interaction; Established Pharmacologic Classes; Hepatitis C Virus NS3/4A Protease Inhibitor; Protease Inhibitor,7
25789,glimepiride,Blood Glucose Regulator; Chemical Structure; Established Pharmacologic Classes; Sulfonylurea,4
1192997,gliocladium allergenic extract,Allergen; Allergenic Extract; Established Pharmacologic Classes; Non-Standardized Fungal Allergenic Extract,4
2101008,Gliocladium viride extract,Allergen; Allergenic Extract; Established Pharmacologic Classes; Non-Standardized Fungal Allergenic Extract,4
4821,glipizide,Blood Glucose Regulator; Chemical Structure; Established Pharmacologic Classes; Sulfonylurea,4
2639782,glofitamab,Bispecific CD20-directed CD3 T Cell Engager; Established Pharmacologic Classes; Receptor Interaction,3
4832,glucagon,Antihypoglycemic Agent; Blood Glucose Regulator; Established Pharmacologic Classes; Gastrointestinal Agent; Gastrointestinal Motility Inhibitor,5
1242127,glucarpidase,Carboxypeptidase; Enzyme; Established Pharmacologic Classes,3
25842,gluconolactone,Calculi Dissolution Agent; Established Pharmacologic Classes; Physical or Chemical Agent,3
4885,glutamine,Amino Acid; Chemical Structure; Established Pharmacologic Classes,3
4815,glyburide,Blood Glucose Regulator; Chemical Structure; Established Pharmacologic Classes; Sulfonylurea,4
4910,glycerin,Allergen; Established Pharmacologic Classes; Non-Standardized Chemical Allergen,3
1546438,glycopyrronium,Anticholinergic; Cardiovascular Agent; Cholinergic Muscarinic Antagonist; Established Pharmacologic Classes; Gastrointestinal Agent; Nervous System Agent; Receptor Antagonist; Receptor Interaction,8
1370435,Glycyrrhiza glabra extract,Allergen; Allergenic Extract; Epidermal and Animal Specific Allergenic Extract; Established Pharmacologic Classes; Non-Standardized Food Allergenic Extract; Non-Standardized Plant Allergenic Extract,6
2711885,Glycyrrhiza glabra root powder extract,Allergen; Allergenic Extract; Epidermal and Animal Specific Allergenic Extract; Established Pharmacologic Classes; Non-Standardized Food Allergenic Extract; Non-Standardized Plant Allergenic Extract,6
862475,goat milk allergenic extract,Allergen; Allergenic Extract; Established Pharmacologic Classes; Non-Standardized Food Allergenic Extract,4
1311190,gold,Allergen; Established Pharmacologic Classes; Standardized Chemical Allergen,3
1996102,golden chain pollen extract,Allergen; Allergenic Extract; Established Pharmacologic Classes; Non-Standardized Pollen Allergenic Extract,4
819300,golimumab,Established Pharmacologic Classes; Receptor Antagonist; Receptor Interaction; Tumor Necrosis Factor Blocker,4
2267207,golodirsen,Antisense Oligonucleotide; Chemical Structure; Established Pharmacologic Classes; Nucleic Acid Related Agent,4
894783,goose feather extract,Allergen; Allergenic Extract; Epidermal and Animal Specific Allergenic Extract; Established Pharmacologic Classes; Non-Standardized Feather Allergenic Extract,5
50610,goserelin,Established Pharmacologic Classes; Gonadotropin Releasing Hormone Receptor Agonist; Receptor Agonist; Receptor Interaction,4
852197,grama grass pollen extract,Allergen; Allergenic Extract; Established Pharmacologic Classes; Non-Standardized Pollen Allergenic Extract,4
26237,granisetron,Established Pharmacologic Classes; Nervous System Agent; Receptor Antagonist; Receptor Interaction; Serotonin-3 Receptor Antagonist,5
253172,grape extract,Allergen; Allergenic Extract; Established Pharmacologic Classes; Non-Standardized Food Allergenic Extract,4
899424,grapefruit allergenic extract,Allergen; Allergenic Extract; Established Pharmacologic Classes; Non-Standardized Food Allergenic Extract,4
124323,grapefruit extract,Allergen; Allergenic Extract; Established Pharmacologic Classes; Non-Standardized Food Allergenic Extract,4
1358897,grapefruit peel extract,Allergen; Allergenic Extract; Established Pharmacologic Classes; Non-Standardized Food Allergenic Extract,4
852178,gray birch pollen extract,Allergen; Allergenic Extract; Established Pharmacologic Classes; Non-Standardized Pollen Allergenic Extract,4
852152,greasewood pollen extract,Allergen; Allergenic Extract; Established Pharmacologic Classes; Non-Standardized Pollen Allergenic Extract,4
852491,green ash pollen extract,Allergen; Allergenic Extract; Established Pharmacologic Classes; Non-Standardized Pollen Allergenic Extract,4
862478,green bell pepper allergenic extract,Allergen; Allergenic Extract; Established Pharmacologic Classes; Non-Standardized Food Allergenic Extract,4
971379,green olive allergenic extract,Allergen; Allergenic Extract; Epidermal and Animal Specific Allergenic Extract; Established Pharmacologic Classes; Non-Standardized Food Allergenic Extract; Non-Standardized Plant Allergenic Extract,6
2043451,Grindelia ciliata pollen extract,Allergen; Allergenic Extract; Established Pharmacologic Classes; Non-Standardized Pollen Allergenic Extract,4
5021,griseofulvin,Established Pharmacologic Classes; Nucleic Acid Related Agent; Tubulin Agent; Tubulin Inhibiting Agent,4
897332,groundsel pollen extract,Allergen; Allergenic Extract; Established Pharmacologic Classes; Non-Standardized Pollen Allergenic Extract,4
5032,guaifenesin,Established Pharmacologic Classes; Expectorant; Respiratory Agent,3
5033,guanabenz,Adrenergic Receptor Agonist; Alpha-2 adrenergic agonist; alpha-Adrenergic Agonist; Established Pharmacologic Classes; Nervous System Agent; Receptor Agonist; Receptor Interaction; Sympathomimetic Agent,8
40114,guanfacine,Adrenergic Receptor Agonist; Alpha-2 adrenergic agonist; alpha-Adrenergic Agonist; Established Pharmacologic Classes; Nervous System Agent; Receptor Agonist; Receptor Interaction; Sympathomimetic Agent,8
2166593,guinea pig dander,Allergen; Allergenic Extract; Epidermal and Animal Specific Allergenic Extract; Established Pharmacologic Classes; Non-Standardized Animal Dander Allergenic Extract,5
895507,guinea pig hair extract,Allergen; Allergenic Extract; Epidermal and Animal Specific Allergenic Extract; Established Pharmacologic Classes; Non-Standardized Animal Hair Allergenic Extract,5
852298,guinea pig skin extract,Allergen; Allergenic Extract; Epidermal and Animal Specific Allergenic Extract; Established Pharmacologic Classes; Non-Standardized Animal Skin Allergenic Extract,5
1928588,guselkumab,Established Pharmacologic Classes; Immunologic Agent; Interleukin Agent; Interleukin-23 Antagonist; Receptor Interaction,5
852324,hackberry pollen extract,Allergen; Allergenic Extract; Established Pharmacologic Classes; Non-Standardized Pollen Allergenic Extract,4
899428,haddock allergenic extract,Allergen; Allergenic Extract; Established Pharmacologic Classes; Non-Standardized Food Allergenic Extract,4
852503,Haematonectria haematococca allergenic extract,Allergen; Allergenic Extract; Established Pharmacologic Classes; Non-Standardized Fungal Allergenic Extract,4
798444,Haemophilus influenzae b (Ross strain) capsular polysaccharide meningococcal protein conjugate vaccine,Established Pharmacologic Classes; Inactivated Haemophilus Influenzae B Vaccine; Vaccine,3
5084,halcinonide,Chemical Structure; Corticosteroid; Established Pharmacologic Classes; Hormone; Receptor Agonist; Receptor Interaction; Steroid,7
41208,halobetasol,Chemical Structure; Corticosteroid; Established Pharmacologic Classes; Hormone; Receptor Agonist; Receptor Interaction; Steroid,7
5093,haloperidol,Established Pharmacologic Classes; Nervous System Agent; Typical antipsychotic,3
851874,hard maple pollen extract,Allergen; Allergenic Extract; Established Pharmacologic Classes; Non-Standardized Pollen Allergenic Extract,4
891633,hazelnut allergenic extract,Allergen; Allergenic Extract; Established Pharmacologic Classes; Non-Standardized Food Allergenic Extract,4
852281,hazelnut pollen extract,Allergen; Allergenic Extract; Established Pharmacologic Classes; Non-Standardized Pollen Allergenic Extract,4
867232,Helminthosporium solani allergenic extract,Allergen; Allergenic Extract; Established Pharmacologic Classes; Non-Standardized Fungal Allergenic Extract,4
798361,hepatitis A vaccine (inactivated) strain HM175,Established Pharmacologic Classes; Inactivated Hepatitis A Virus Vaccine; Vaccine,3
2274413,"hepatitis A virus strain CR 326F antigen, inactivated",Established Pharmacologic Classes; Inactivated Hepatitis A Virus Vaccine; Vaccine,3
26744,hepatitis B immune globulin,Antibody or Antibody Fragment; Chemical Structure; Established Pharmacologic Classes; Human Immunoglobulin; Immunologic Agent,5
797752,hepatitis B surface antigen vaccine,Established Pharmacologic Classes; Inactivated Hepatitis B Virus Vaccine; Vaccine,3
1427171,hepatitis B virus subtype ADW2 HBsAg surface protein antigen,Established Pharmacologic Classes; Inactivated Hepatitis B Virus Vaccine; Vaccine,3
899434,herring allergenic extract,Allergen; Allergenic Extract; Established Pharmacologic Classes; Non-Standardized Food Allergenic Extract,4
5531,hetastarch,Cardiovascular Agent; Established Pharmacologic Classes; Hematology Agent; Physical or Chemical Agent; Plasma Volume Expander,5
5293,hexachlorophene,Anti-infective; Antiseptic; Established Pharmacologic Classes,3
50975,histrelin,Established Pharmacologic Classes; Gonadotropin Releasing Hormone Receptor Agonist; Receptor Agonist; Receptor Interaction,4
895542,hog hair extract,Allergen; Allergenic Extract; Epidermal and Animal Specific Allergenic Extract; Established Pharmacologic Classes; Non-Standardized Animal Hair Allergenic Extract,5
852839,hog skin extract,Allergen; Allergenic Extract; Epidermal and Animal Specific Allergenic Extract; Established Pharmacologic Classes; Non-Standardized Animal Skin Allergenic Extract,5
27084,homatropine,Cardiovascular Agent; Cholinergic Muscarinic Antagonist; Established Pharmacologic Classes; Nervous System Agent; Receptor Antagonist; Receptor Interaction,6
899476,honeydew melon allergenic extract,Allergen; Allergenic Extract; Established Pharmacologic Classes; Non-Standardized Food Allergenic Extract,4
259266,hops extract,Allergen; Allergenic Extract; Epidermal and Animal Specific Allergenic Extract; Established Pharmacologic Classes; Non-Standardized Food Allergenic Extract; Non-Standardized Plant Allergenic Extract,6
2167548,horse dander extract,Allergen; Allergenic Extract; Epidermal and Animal Specific Allergenic Extract; Established Pharmacologic Classes; Non-Standardized Animal Dander Allergenic Extract,5
895515,horse hair extract,Allergen; Allergenic Extract; Epidermal and Animal Specific Allergenic Extract; Established Pharmacologic Classes; Non-Standardized Animal Hair Allergenic Extract,5
852479,horse skin extract,Allergen; Allergenic Extract; Epidermal and Animal Specific Allergenic Extract; Established Pharmacologic Classes; Non-Standardized Animal Skin Allergenic Extract,5
1011043,horseradish allergenic extract,Allergen; Allergenic Extract; Epidermal and Animal Specific Allergenic Extract; Established Pharmacologic Classes; Non-Standardized Food Allergenic Extract; Non-Standardized Plant Allergenic Extract,6
852519,house dust allergenic extract,Allergen; Allergenic Extract; Established Pharmacologic Classes; Non-Standardized House Dust Allergenic Extract,4
350173,house fly allergenic extract,Allergen; Allergenic Extract; Epidermal and Animal Specific Allergenic Extract; Established Pharmacologic Classes; Non-Standardized Insect Allergenic Extract,5
1993210,house mouse hair extract,Allergen; Allergenic Extract; Epidermal and Animal Specific Allergenic Extract; Established Pharmacologic Classes; Non-Standardized Animal Hair Allergenic Extract,5
852693,house mouse skin extract,Allergen; Allergenic Extract; Epidermal and Animal Specific Allergenic Extract; Established Pharmacologic Classes; Non-Standardized Animal Skin Allergenic Extract,5
1307732,human cord blood hematopoietic progenitor cell,Allogeneic Cord Blood Hematopoietic Progenitor Cell Therapy; Cell Therapy; Established Pharmacologic Classes,3
597392,human vaccinia immune globulin,Antibody or Antibody Fragment; Chemical Structure; Established Pharmacologic Classes; Human Immunoglobulin; Human Immunoglobulin G; Immunoglobulin G; Immunologic Agent,7
798286,human-bovine reassortant rotavirus strain G1 vaccine,Established Pharmacologic Classes; Live Rotavirus Vaccine; Vaccine,3
798288,human-bovine reassortant rotavirus strain G2 vaccine,Established Pharmacologic Classes; Live Rotavirus Vaccine; Vaccine,3
798290,human-bovine reassortant rotavirus strain G3 vaccine,Established Pharmacologic Classes; Live Rotavirus Vaccine; Vaccine,3
798292,human-bovine reassortant rotavirus strain G4 vaccine,Established Pharmacologic Classes; Live Rotavirus Vaccine; Vaccine,3
798294,human-bovine reassortant rotavirus strain P1A[8] vaccine,Established Pharmacologic Classes; Live Rotavirus Vaccine; Vaccine,3
1014391,Humicola grisea allergenic extract,Allergen; Allergenic Extract; Established Pharmacologic Classes; Non-Standardized Fungal Allergenic Extract,4
1740937,Humulus lupulus pollen extract,Allergen; Allergenic Extract; Established Pharmacologic Classes; Non-Standardized Pollen Allergenic Extract,4
5470,hydralazine,Arteriolar Vasodilator; Cardiovascular Agent; Established Pharmacologic Classes; Vasodilator,4
5487,hydrochlorothiazide,Chemical Structure; Diuretic; Established Pharmacologic Classes; Thiazide Diuretic,4
5489,hydrocodone,Established Pharmacologic Classes; Nervous System Agent; Opioid Agonist; Receptor Agonist; Receptor Interaction,5
5492,hydrocortisone,Chemical Structure; Corticosteroid; Established Pharmacologic Classes; Hormone; Receptor Agonist; Receptor Interaction; Steroid,7
5495,hydroflumethiazide,Chemical Structure; Diuretic; Established Pharmacologic Classes; Thiazide Diuretic,4
3423,hydromorphone,Established Pharmacologic Classes; Nervous System Agent; Opioid Agonist; Receptor Agonist; Receptor Interaction,5
5509,hydroquinone,Enzyme Inhibitor; Enzyme Interaction; Established Pharmacologic Classes; Melanin Synthesis Inhibitor,4
5514,hydroxocobalamin,Antidote; Established Pharmacologic Classes,2
5521,hydroxychloroquine,Anti-infective; Antimalarial; Antimicrobial; Antiprotozoal; Antirheumatic Agent; Established Pharmacologic Classes,6
1362893,hydroxycitronellal,Allergen; Established Pharmacologic Classes; Standardized Chemical Allergen,3
1363352,hydroxyethyl starch 130-0.4,Cardiovascular Agent; Established Pharmacologic Classes; Hematology Agent; Physical or Chemical Agent; Plasma Volume Expander,5
2048727,hydroxypropyl cellulose (1600000 WAMW),Demulcent; Established Pharmacologic Classes; Physical or Chemical Agent,3
1811461,hydroxypropyl cellulose (type H),Demulcent; Established Pharmacologic Classes; Physical or Chemical Agent,3
27291,hydroxypropylcellulose,Demulcent; Established Pharmacologic Classes; Physical or Chemical Agent,3
5552,hydroxyurea,Antimetabolite; Enzyme Inhibitor; Enzyme Interaction; Established Pharmacologic Classes; Nucleic Acid Related Agent; Nucleic Acid Synthesis Inhibitor,6
5553,hydroxyzine,Established Pharmacologic Classes; H1 antihistamine; Receptor Antagonist; Receptor Interaction; Respiratory Agent,5
1192968,Hypomyces perniciosus allergenic extract,Allergen; Allergenic Extract; Established Pharmacologic Classes; Non-Standardized Fungal Allergenic Extract,4
2043283,ibalizumab,Anti-infective; Antimicrobial; CD4-directed Blocking Antibody; Established Pharmacologic Classes; Human Immunodeficiency Virus 1 Fusion Inhibitor; Human Immunodeficiency Virus 1 Post-attachment Fusion Inhibitor; Immunologic Agent,7
262323,ibritumomab tiuxetan,Antibody or Antibody Fragment; CD20-directed Radiotherapeutic Antibody; Established Pharmacologic Classes,3
1442981,ibrutinib,Enzyme Inhibitor; Enzyme Interaction; Established Pharmacologic Classes; Kinase Inhibitor,4
5640,ibuprofen,Enzyme Inhibitor; Enzyme Interaction; Established Pharmacologic Classes; Nonsteroidal Anti-inflammatory Drug,4
41289,ibutilide,Antiarrhythmic; Cardiovascular Agent; Established Pharmacologic Classes,3
1148138,icatibant,Bradykinin B2 Receptor Antagonist; Established Pharmacologic Classes; Receptor Antagonist; Receptor Interaction,4
5650,idarubicin,Anthracycline Topoisomerase Inhibitor; Enzyme Inhibitor; Enzyme Interaction; Established Pharmacologic Classes; Nucleic Acid Related Agent; Nucleic Acid Synthesis Inhibitor; Topoisomerase Inhibitor,7
1716191,idarucizumab,Antibody or Antibody Fragment; Chemical Structure; Established Pharmacologic Classes; Humanized Monoclonal Antibody Fragment,4
1544460,idelalisib,Enzyme Inhibitor; Enzyme Interaction; Established Pharmacologic Classes; Kinase Inhibitor,4
5653,idoxuridine,Anti-infective; Antimicrobial; Established Pharmacologic Classes; Nucleoside Analog Antiviral,4
644101,idursulfase,Enzyme; Established Pharmacologic Classes; Hydrolytic Lysosomal Glycosaminoglycan-specific Enzyme,3
5657,ifosfamide,Alkylating Drug; Established Pharmacologic Classes; Nucleic Acid Related Agent; Physical or Chemical Agent,4
73178,iloperidone,Atypical antipsychotic; Established Pharmacologic Classes; Nervous System Agent,3
40138,iloprost,Cardiovascular Agent; Chemical Structure; Established Pharmacologic Classes; Prostacycline; Vasodilator,5
282388,imatinib,Enzyme Inhibitor; Enzyme Interaction; Established Pharmacologic Classes; Kinase Inhibitor,4
2685236,imetelstat,Enzyme Inhibitor; Enzyme Interaction; Established Pharmacologic Classes; Oligonucleotide Telomerase Inhibitor,4
1368885,imidurea,Allergen; Established Pharmacologic Classes; Standardized Chemical Allergen,3
84959,imiglucerase,Enzyme; Established Pharmacologic Classes; Hydrolytic Lysosomal Glucocerebroside-specific Enzyme,3
5691,imipramine,Chemical Structure; Established Pharmacologic Classes; Nervous System Agent; Tricyclic Antidepressant,4
2695422,inavolisib,Enzyme Inhibitor; Enzyme Interaction; Established Pharmacologic Classes; Kinase Inhibitor,4
5764,indapamide,Diuretic; Established Pharmacologic Classes; Thiazide-like Diuretic,3
1006495,Indian wormwood sage pollen extract,Allergen; Allergenic Extract; Established Pharmacologic Classes; Non-Standardized Pollen Allergenic Extract,4
5775,indocyanine green,Diagnostic Agent; Diagnostic Dye; Established Pharmacologic Classes; Imaging Agent; Physical or Chemical Agent,5
5781,indomethacin,Enzyme Inhibitor; Enzyme Interaction; Established Pharmacologic Classes; Nonsteroidal Anti-inflammatory Drug,4
2373951,inebilizumab,CD19-directed Cytolytic Antibody; Established Pharmacologic Classes; Immunologic Agent; Monoclonal Antibody,4
191831,infliximab,Established Pharmacologic Classes; Receptor Antagonist; Receptor Interaction; Tumor Necrosis Factor Blocker,4
2099289,inotersen,Antisense Oligonucleotide; Chemical Structure; Established Pharmacologic Classes; Nucleic Acid Related Agent; Transthyretin-directed RNA Interaction,5
1942950,inotuzumab ozogamicin,Antibody or Antibody Fragment; CD22-directed Immunoconjugate; Established Pharmacologic Classes; Immunologic Agent,4
51428,"insulin aspart, human",Antidote; Blood Glucose Regulator; Chemical Structure; Established Pharmacologic Classes; Hormone; Insulin Analog,6
1670007,insulin degludec,Antidote; Blood Glucose Regulator; Chemical Structure; Established Pharmacologic Classes; Hormone; Insulin Analog,6
139825,insulin detemir,Antidote; Blood Glucose Regulator; Chemical Structure; Established Pharmacologic Classes; Hormone; Insulin Analog,6
274783,insulin glargine,Antidote; Blood Glucose Regulator; Chemical Structure; Established Pharmacologic Classes; Hormone; Insulin Analog,6
400008,"insulin glulisine, human",Antidote; Blood Glucose Regulator; Chemical Structure; Established Pharmacologic Classes; Hormone; Insulin Analog,6
86009,insulin lispro,Antidote; Blood Glucose Regulator; Chemical Structure; Established Pharmacologic Classes; Hormone; Insulin Analog,6
253182,"insulin, regular, human",Antidote; Blood Glucose Regulator; Chemical Structure; Established Pharmacologic Classes; Hormone; Insulin,6
612937,interferon alfa-n3,Chemical Structure; Established Pharmacologic Classes; Immunologic Agent; Interferon alpha,4
75917,interferon beta-1a,Chemical Structure; Established Pharmacologic Classes; Immunologic Agent; Interferon beta,4
72257,interferon beta-1b,Chemical Structure; Established Pharmacologic Classes; Immunologic Agent; Interferon beta,4
5882,interferon gamma-1b,Chemical Structure; Established Pharmacologic Classes; Immunologic Agent; Interferon gamma,4
851894,iodine bush pollen extract,Allergen; Allergenic Extract; Established Pharmacologic Classes; Non-Standardized Pollen Allergenic Extract,4
27729,iodixanol,Established Pharmacologic Classes; Imaging Agent; Physical or Chemical Agent; Radiographic Contrast Agent,4
5956,iohexol,Established Pharmacologic Classes; Imaging Agent; Physical or Chemical Agent; Radiographic Contrast Agent,4
2606484,iomeprol,Established Pharmacologic Classes; Imaging Agent; Physical or Chemical Agent; Radiographic Contrast Agent,4
5966,iopamidol,Established Pharmacologic Classes; Imaging Agent; Physical or Chemical Agent; Radiographic Contrast Agent,4
27781,iopromide,Established Pharmacologic Classes; Imaging Agent; Physical or Chemical Agent; Radiographic Contrast Agent,4
1546451,iothalamic acid,Established Pharmacologic Classes; Imaging Agent; Physical or Chemical Agent; Radiographic Contrast Agent,4
27792,ioversol,Established Pharmacologic Classes; Imaging Agent; Physical or Chemical Agent; Radiographic Contrast Agent,4
1094833,ipilimumab,Antibody or Antibody Fragment; CTLA-4-directed Blocking Antibody; Established Pharmacologic Classes,3
7213,ipratropium,Anticholinergic; Established Pharmacologic Classes; Gastrointestinal Agent; Nervous System Agent; Receptor Antagonist; Receptor Interaction,6
2671061,iptacopan,Classical Complement Pathway Inhibitor; Complement Factor B Inhibitor; Complement Inhibitor; Established Pharmacologic Classes; Hematology Agent; Immunologic Agent,6
83818,irbesartan,Angiotensin 2 Receptor Blocker; Cardiovascular Agent; Established Pharmacologic Classes; Receptor Antagonist; Receptor Interaction,5
51499,irinotecan,Enzyme Inhibitor; Enzyme Interaction; Established Pharmacologic Classes; Nucleic Acid Related Agent; Nucleic Acid Synthesis Inhibitor; Topoisomerase Inhibitor,6
1993233,Iris germanica var. florentina root extract,Allergen; Allergenic Extract; Epidermal and Animal Specific Allergenic Extract; Established Pharmacologic Classes; Non-Standardized Plant Allergenic Extract,5
24909,iron sucrose,Chemical Structure; Established Pharmacologic Classes; Parenteral Iron Replacement; Vitamin or Mineral,4
2282018,isatuximab,Antibody or Antibody Fragment; CD38-directed Cytolytic Antibody; Established Pharmacologic Classes,3
1720882,isavuconazole,Anti-infective; Antifungal; Antimicrobial; Azole Antifungal; Chemical Structure; Established Pharmacologic Classes,6
6011,isocarboxazid,Enzyme Inhibitor; Enzyme Interaction; Established Pharmacologic Classes; Monoamine oxidase inhibitor; Nervous System Agent,5
1363706,isoeugenol,Allergen; Established Pharmacologic Classes; Standardized Chemical Allergen,3
6026,isoflurane,Anesthetic; Established Pharmacologic Classes; General Anesthetic,3
6038,isoniazid,Anti-infective; Antibacterial; Antimicrobial; Antimycobacterial; Established Pharmacologic Classes,5
6054,isoproterenol,Adrenergic Receptor Agonist; beta-Adrenergic Agonist; Established Pharmacologic Classes; Nervous System Agent; Receptor Agonist; Receptor Interaction; Sympathomimetic Agent,7
6058,isosorbide dinitrate,Cardiovascular Agent; Chemical Structure; Established Pharmacologic Classes; Nitrate Vasodilator; Vasodilator,5
6064,isotretinoin,Chemical Structure; Established Pharmacologic Classes; Retinoid,3
33910,isradipine,Calcium Channel Agent; Cardiovascular Agent; Dihydropyridine Calcium Channel Blocker; Established Pharmacologic Classes; Ion Channel or Pump Agent,5
1014340,Italian rye grass pollen extract,Allergen; Allergenic Extract; Established Pharmacologic Classes; Non-Standardized Pollen Allergenic Extract,4
28031,itraconazole,Anti-infective; Antifungal; Antimicrobial; Azole Antifungal; Chemical Structure; Established Pharmacologic Classes,6
1649480,ivabradine,Established Pharmacologic Classes; Hyperpolarization-activated Cyclic Nucleotide-gated Channel Blocker; Ion Channel or Pump Agent,3
1243041,ivacaftor,Cystic Fibrosis Transmembrane Conductance Regulator Potentiator; Established Pharmacologic Classes; Ion Channel or Pump Agent; Respiratory Agent,4
6069,ivermectin,Anti-infective; Antimicrobial; Antiparasitic; Established Pharmacologic Classes; Pediculicide,5
2049873,ivosidenib,Enzyme Inhibitor; Enzyme Interaction; Established Pharmacologic Classes; Isocitrate Dehydrogenase 1 Inhibitor,4
337523,ixabepilone,Established Pharmacologic Classes; Microtubule Inhibitor; Nucleic Acid Related Agent,3
1723735,ixazomib,Anti-infective; Antimicrobial; Enzyme Inhibitor; Enzyme Interaction; Established Pharmacologic Classes; Protease Inhibitor; Proteasome Inhibitor,7
1745099,ixekizumab,Established Pharmacologic Classes; Immunologic Agent; Interleukin Agent; Interleukin-17A Antagonist; Receptor Interaction,5
1014690,jack pine pollen extract,Allergen; Allergenic Extract; Established Pharmacologic Classes; Non-Standardized Pollen Allergenic Extract,4
900777,Japanese black pine pollen extract,Allergen; Allergenic Extract; Established Pharmacologic Classes; Non-Standardized Pollen Allergenic Extract,4
1014766,Jerusalem oak pollen extract,Allergen; Allergenic Extract; Established Pharmacologic Classes; Non-Standardized Pollen Allergenic Extract,4
852136,Johnson grass pollen extract,Allergen; Allergenic Extract; Established Pharmacologic Classes; Non-Standardized Pollen Allergenic Extract,4
852128,Johnson grass smut allergenic extract,Allergen; Allergenic Extract; Established Pharmacologic Classes; Non-Standardized Fungal Allergenic Extract,4
1310189,Juniperus communis fruit extract,Allergen; Allergenic Extract; Epidermal and Animal Specific Allergenic Extract; Established Pharmacologic Classes; Non-Standardized Food Allergenic Extract; Non-Standardized Plant Allergenic Extract,6
852412,jute fiber allergenic extract,Allergen; Allergenic Extract; Epidermal and Animal Specific Allergenic Extract; Established Pharmacologic Classes; Non-Standardized Plant Allergenic Extract; Non-Standardized Plant Fiber Allergenic Extract,6
6099,kanamycin,Aminoglycoside Antibacterial; Anti-infective; Antibacterial; Antimicrobial; Chemical Structure; Established Pharmacologic Classes,6
852315,kapok tree fiber allergenic extract,Allergen; Allergenic Extract; Epidermal and Animal Specific Allergenic Extract; Established Pharmacologic Classes; Non-Standardized Plant Allergenic Extract; Non-Standardized Plant Fiber Allergenic Extract,6
852617,karaya gum extract,Allergen; Allergenic Extract; Established Pharmacologic Classes; Non-Standardized Food Allergenic Extract,4
852834,Kentucky bluegrass pollen extract,Allergen; Allergenic Extract; Established Pharmacologic Classes; Standardized Pollen Allergenic Extract,4
6130,ketamine,Anesthetic; Established Pharmacologic Classes; General Anesthetic,3
6135,ketoconazole,Anti-infective; Antifungal; Antimicrobial; Azole Antifungal; Chemical Structure; Established Pharmacologic Classes,6
6142,ketoprofen,Enzyme Inhibitor; Enzyme Interaction; Established Pharmacologic Classes; Nonsteroidal Anti-inflammatory Drug,4
35827,ketorolac,Cyclooxygenase Inhibitor; Enzyme Inhibitor; Enzyme Interaction; Established Pharmacologic Classes; Nonsteroidal Anti-inflammatory Drug,5
6146,ketotifen,Established Pharmacologic Classes; Histamine-1 Receptor Inhibitor; Receptor Antagonist; Receptor Interaction,4
892338,Khuskia oryzae allergenic extract,Allergen; Allergenic Extract; Established Pharmacologic Classes; Non-Standardized Fungal Allergenic Extract,4
891637,kidney bean allergenic extract,Allergen; Allergenic Extract; Epidermal and Animal Specific Allergenic Extract; Established Pharmacologic Classes; Non-Standardized Food Allergenic Extract; Non-Standardized Plant Allergenic Extract,6
852605,Koelers grass pollen extract,Allergen; Allergenic Extract; Established Pharmacologic Classes; Non-Standardized Pollen Allergenic Extract,4
798262,"L1 protein, human papillomavirus type 11 vaccine",Established Pharmacologic Classes; Inactivated Human Papillomavirus Vaccine; Vaccine,3
798264,"L1 protein, human papillomavirus type 16 vaccine",Established Pharmacologic Classes; Inactivated Human Papillomavirus Vaccine; Vaccine,3
798266,"L1 protein, human papillomavirus type 18 vaccine",Established Pharmacologic Classes; Inactivated Human Papillomavirus Vaccine; Vaccine,3
798268,"L1 protein, human papillomavirus type 6 vaccine",Established Pharmacologic Classes; Inactivated Human Papillomavirus Vaccine; Vaccine,3
6185,labetalol,beta-Adrenergic Blocker; Cardiovascular Agent; Established Pharmacologic Classes; Nervous System Agent; Receptor Antagonist; Receptor Interaction,6
6218,lactulose,Established Pharmacologic Classes; Gastrointestinal Agent; Osmotic Laxative; Physical or Chemical Agent,4
971849,lamb allergenic extract,Allergen; Allergenic Extract; Established Pharmacologic Classes; Non-Standardized Food Allergenic Extract,4
852237,lambs quarters pollen extract,Allergen; Allergenic Extract; Established Pharmacologic Classes; Non-Standardized Pollen Allergenic Extract,4
68244,lamivudine,Anti-infective; Antimicrobial; Enzyme Inhibitor; Enzyme Interaction; Established Pharmacologic Classes; Hepatitis B Virus Nucleoside Analog Reverse Transcriptase Inhibitor; Human Immunodeficiency Virus Nucleoside Analog Reverse Transcriptase Inhibitor; Nucleic Acid Related Agent; Nucleic Acid Synthesis Inhibitor; Nucleoside Analog Antiviral,10
28439,lamotrigine,Anti-epileptic Agent; Established Pharmacologic Classes; Mood Stabilizer; Nervous System Agent,4
2055641,lanadelumab,Anti-infective; Antimicrobial; Enzyme Inhibitor; Enzyme Interaction; Established Pharmacologic Classes; Plasma Kallikrein Inhibitor; Protease Inhibitor,7
2712070,landiolol,beta-Adrenergic Blocker; Cardiovascular Agent; Established Pharmacologic Classes; Nervous System Agent; Receptor Antagonist; Receptor Interaction,6
1426478,lanolin alcohols,Allergen; Established Pharmacologic Classes; Standardized Chemical Allergen,3
68092,lanreotide,Chemical Structure; Established Pharmacologic Classes; Hormone; Somatostatin Analog,4
17128,lansoprazole,Established Pharmacologic Classes; Gastrointestinal Agent; Ion Channel or Pump Agent; Proton Pump Inhibitor,4
1546443,lanthanum cation (3+),Established Pharmacologic Classes; Phosphate Binder; Physical or Chemical Agent,3
480167,lapatinib,Enzyme Inhibitor; Enzyme Interaction; Established Pharmacologic Classes; Kinase Inhibitor,4
1098183,largemouth bass allergenic extract,Allergen; Allergenic Extract; Established Pharmacologic Classes; Non-Standardized Food Allergenic Extract,4
392509,laronidase,Enzyme; Established Pharmacologic Classes; Hydrolytic Lysosomal Glycosaminoglycan-specific Enzyme,3
2105628,larotrectinib,Enzyme Inhibitor; Enzyme Interaction; Established Pharmacologic Classes; Kinase Inhibitor,4
43611,latanoprost,Chemical Structure; Established Pharmacologic Classes; Hormone; Prostaglandin Analog,4
89887,Latrodectus mactans antivenin,Antibody or Antibody Fragment; Antidote; Antivenin; Established Pharmacologic Classes,4
1307699,Lawsonia inermis leaf extract,Allergen; Allergenic Extract; Epidermal and Animal Specific Allergenic Extract; Established Pharmacologic Classes; Non-Standardized Plant Allergenic Extract,5
2691150,lazertinib,Enzyme Inhibitor; Enzyme Interaction; Established Pharmacologic Classes; Kinase Inhibitor,4
2693758,lebrikizumab,Established Pharmacologic Classes; Immunologic Agent; Interleukin Agent; Interleukin-13 Antagonist; Receptor Interaction,5
2626143,lecanemab,Amyloid Beta-directed Antibody; Antibody or Antibody Fragment; Established Pharmacologic Classes,3
1591922,ledipasvir,Anti-infective; Antimicrobial; Established Pharmacologic Classes; Hepatitis C Virus NS5A Inhibitor,4
1010932,leek allergenic extract,Allergen; Allergenic Extract; Epidermal and Animal Specific Allergenic Extract; Established Pharmacologic Classes; Non-Standardized Food Allergenic Extract; Non-Standardized Plant Allergenic Extract,6
2198944,lefamulin,Anti-infective; Antibacterial; Antimicrobial; Chemical Structure; Established Pharmacologic Classes; Pleuromutilin Antibacterial,6
27169,leflunomide,Antirheumatic Agent; Established Pharmacologic Classes,2
2272403,lemborexant,Established Pharmacologic Classes; Orexin Receptor Antagonist; Receptor Antagonist; Receptor Interaction,4
901382,lemon allergenic extract,Allergen; Allergenic Extract; Established Pharmacologic Classes; Non-Standardized Food Allergenic Extract,4
1364291,lemon extract,Allergen; Allergenic Extract; Established Pharmacologic Classes; Non-Standardized Food Allergenic Extract,4
342369,lenalidomide,Chemical Structure; Established Pharmacologic Classes; Thalidomide Analog,3
2633005,leniolisib,Enzyme Inhibitor; Enzyme Interaction; Established Pharmacologic Classes; Kinase Inhibitor,4
852096,lens scale pollen extract,Allergen; Allergenic Extract; Established Pharmacologic Classes; Non-Standardized Pollen Allergenic Extract,4
899444,lentil allergenic extract,Allergen; Allergenic Extract; Epidermal and Animal Specific Allergenic Extract; Established Pharmacologic Classes; Non-Standardized Food Allergenic Extract; Non-Standardized Plant Allergenic Extract,6
1426921,lentil seed extract,Allergen; Allergenic Extract; Epidermal and Animal Specific Allergenic Extract; Established Pharmacologic Classes; Non-Standardized Food Allergenic Extract; Non-Standardized Plant Allergenic Extract,6
1603296,lenvatinib,Enzyme Inhibitor; Enzyme Interaction; Established Pharmacologic Classes; Kinase Inhibitor,4
1988648,letermovir,Cytomegalovirus DNA Terminase Complex Inhibitor; Enzyme Inhibitor; Enzyme Interaction; Established Pharmacologic Classes; Nucleic Acid Related Agent; Nucleic Acid Synthesis Inhibitor,6
72965,letrozole,Aromatase Inhibitor; Enzyme Inhibitor; Enzyme Interaction; Established Pharmacologic Classes,4
899448,lettuce allergenic extract,Allergen; Allergenic Extract; Established Pharmacologic Classes; Non-Standardized Food Allergenic Extract,4
2102006,Leucanthemum vulgare pollen,Allergen; Allergenic Extract; Established Pharmacologic Classes; Non-Standardized Pollen Allergenic Extract,4
6313,leucovorin,Antidote; Established Pharmacologic Classes; Folate Analog,3
42375,leuprolide,Established Pharmacologic Classes; Gonadotropin Releasing Hormone Receptor Agonist; Receptor Agonist; Receptor Interaction,4
237159,levalbuterol,Adrenergic Receptor Agonist; beta-Adrenergic Agonist; beta2-Adrenergic Agonist; Established Pharmacologic Classes; Nervous System Agent; Receptor Agonist; Receptor Interaction; Sympathomimetic Agent,8
1813,levobunolol,beta-Adrenergic Blocker; Cardiovascular Agent; Established Pharmacologic Classes; Nervous System Agent; Receptor Antagonist; Receptor Interaction,6
42955,levocarnitine,Antidote; Carnitine Analog; Established Pharmacologic Classes,3
356887,levocetirizine,Established Pharmacologic Classes; Histamine-1 Receptor Antagonist; Receptor Antagonist; Receptor Interaction,4
6375,levodopa,Amino Acid; Aromatic Amino Acid; Chemical Structure; Established Pharmacologic Classes,4
82122,levofloxacin,Anti-infective; Antibacterial; Antimicrobial; Chemical Structure; Established Pharmacologic Classes; Fluoroquinolone Antibacterial,6
877015,levoleucovorin,Antidote; Established Pharmacologic Classes; Folate Analog,3
1433212,levomilnacipran,Established Pharmacologic Classes; Nervous System Agent; Serotonin and Norepinephrine Reuptake Inhibitor,3
6378,levorphanol,Established Pharmacologic Classes; Nervous System Agent; Opioid Agonist; Receptor Agonist; Receptor Interaction,5
10582,levothyroxine,Chemical Structure; Established Pharmacologic Classes; Hormone; l-Thyroxine,4
995727,Lichtheimia corymbifera allergenic extract,Allergen; Allergenic Extract; Established Pharmacologic Classes; Non-Standardized Fungal Allergenic Extract,4
235524,licorice root extract,Allergen; Allergenic Extract; Epidermal and Animal Specific Allergenic Extract; Established Pharmacologic Classes; Non-Standardized Food Allergenic Extract; Non-Standardized Plant Allergenic Extract,6
6387,lidocaine,Amide Local Anesthetic; Anesthetic; Antiarrhythmic; Cardiovascular Agent; Chemical Structure; Established Pharmacologic Classes; Local Anesthetic,7
1801820,lifitegrast,Established Pharmacologic Classes; Integrin Receptor Antagonist; Lymphocyte Function-Associated Antigen-1 Antagonist; Receptor Antagonist; Receptor Interaction,5
891641,lima bean allergenic extract,Allergen; Allergenic Extract; Established Pharmacologic Classes; Non-Standardized Food Allergenic Extract,4
1305725,lime (citrus) extract,Allergen; Allergenic Extract; Established Pharmacologic Classes; Non-Standardized Food Allergenic Extract,4
1011060,lime allergenic extract,Allergen; Allergenic Extract; Established Pharmacologic Classes; Non-Standardized Food Allergenic Extract,4
1307404,linaclotide,Enzyme Activator; Enzyme Interaction; Established Pharmacologic Classes; Gastrointestinal Agent; Guanylate Cyclase-C Agonist,5
1100699,linagliptin,Anti-infective; Antimicrobial; Blood Glucose Regulator; Dipeptidyl Peptidase 4 Inhibitor; Enzyme Inhibitor; Enzyme Interaction; Established Pharmacologic Classes; Protease Inhibitor,8
852070,linden pollen extract,Allergen; Allergenic Extract; Established Pharmacologic Classes; Non-Standardized Pollen Allergenic Extract,4
190376,linezolid,Anti-infective; Antibacterial; Antimicrobial; Chemical Structure; Established Pharmacologic Classes; Oxazolidinone Antibacterial,6
10814,liothyronine,Chemical Structure; Established Pharmacologic Classes; Hormone; l-Triiodothyronine,4
475968,liraglutide,Blood Glucose Regulator; Established Pharmacologic Classes; GLP-1 Receptor Agonist; Receptor Agonist; Receptor Interaction,5
700810,lisdexamfetamine,Central Nervous System Stimulant; Established Pharmacologic Classes; Nervous System Agent,3
1546265,lithium cation,Established Pharmacologic Classes; Mood Stabilizer; Nervous System Agent,3
1098232,littleseed canary grass pollen extract,Allergen; Allergenic Extract; Established Pharmacologic Classes; Non-Standardized Pollen Allergenic Extract,4
867311,live oak pollen extract,Allergen; Allergenic Extract; Established Pharmacologic Classes; Non-Standardized Pollen Allergenic Extract,4
1440051,lixisenatide,Blood Glucose Regulator; Established Pharmacologic Classes; GLP-1 Receptor Agonist; Receptor Agonist; Receptor Interaction,5
900770,loblolly pine pollen extract,Allergen; Allergenic Extract; Established Pharmacologic Classes; Non-Standardized Pollen Allergenic Extract,4
892561,lobster allergenic extract,Allergen; Allergenic Extract; Established Pharmacologic Classes; Non-Standardized Food Allergenic Extract,4
898324,lodgepole pine pollen extract,Allergen; Allergenic Extract; Established Pharmacologic Classes; Non-Standardized Pollen Allergenic Extract,4
852348,Lombardy poplar pollen extract,Allergen; Allergenic Extract; Established Pharmacologic Classes; Non-Standardized Pollen Allergenic Extract,4
1364479,lomitapide,Cardiovascular Agent; Established Pharmacologic Classes; Microsomal Triglyceride Transfer Protein Inhibitor,3
6466,lomustine,Alkylating Drug; Established Pharmacologic Classes; Nucleic Acid Related Agent; Physical or Chemical Agent,4
2467553,lonafarnib,Enzyme Inhibitor; Enzyme Interaction; Established Pharmacologic Classes; Farnesyltransferase Inhibitor,4
2569562,lonapegsomatropin,Chemical Structure; Established Pharmacologic Classes; Hormone; Recombinant Human Growth Hormone,4
2166616,London planetree,Allergen; Allergenic Extract; Established Pharmacologic Classes; Non-Standardized Pollen Allergenic Extract,4
1014360,longleaf pine pollen extract,Allergen; Allergenic Extract; Established Pharmacologic Classes; Non-Standardized Pollen Allergenic Extract,4
968492,loose barley smut allergenic extract,Allergen; Allergenic Extract; Established Pharmacologic Classes; Non-Standardized Fungal Allergenic Extract,4
968437,loose wheat smut allergenic extract,Allergen; Allergenic Extract; Established Pharmacologic Classes; Non-Standardized Fungal Allergenic Extract,4
6468,loperamide,Established Pharmacologic Classes; Nervous System Agent; Opioid Agonist; Receptor Agonist; Receptor Interaction,5
195088,lopinavir,Anti-infective; Antimicrobial; Enzyme Inhibitor; Enzyme Interaction; Established Pharmacologic Classes; Protease Inhibitor,6
6470,lorazepam,Benzodiazepine; Chemical Structure; Established Pharmacologic Classes; Ion Channel or Pump Agent; Nervous System Agent,5
2103164,lorlatinib,Enzyme Inhibitor; Enzyme Interaction; Established Pharmacologic Classes; Kinase Inhibitor,4
52175,losartan,Angiotensin 2 Receptor Blocker; Cardiovascular Agent; Established Pharmacologic Classes; Receptor Antagonist; Receptor Interaction,5
237027,loteprednol,Chemical Structure; Corticosteroid; Established Pharmacologic Classes; Hormone; Receptor Agonist; Receptor Interaction; Steroid,7
1998841,lotilaner,Anti-infective; Antimicrobial; Antiparasitic; Ectoparasiticide; Established Pharmacologic Classes,5
6472,lovastatin,Cardiovascular Agent; Enzyme Inhibitor; Enzyme Interaction; Established Pharmacologic Classes; HMG-CoA Reductase Inhibitor,5
623033,lubiprostone,Chloride Channel Activator; Established Pharmacologic Classes; Gastrointestinal Agent; Ion Channel or Pump Agent,4
1482680,luliconazole,Anti-infective; Antifungal; Antimicrobial; Azole Antifungal; Chemical Structure; Established Pharmacologic Classes,6
2275602,lumateperone,Atypical antipsychotic; Established Pharmacologic Classes; Nervous System Agent,3
847728,lumefantrine,Anti-infective; Antimalarial; Antimicrobial; Antiprotozoal; Established Pharmacologic Classes,5
1040028,lurasidone,Atypical antipsychotic; Established Pharmacologic Classes; Nervous System Agent,3
2374729,lurbinectedin,Alkylating Drug; Established Pharmacologic Classes; Nucleic Acid Related Agent; Physical or Chemical Agent,4
2262544,luspatercept,Erythroid Maturation Agent; Established Pharmacologic Classes; Hematology Agent,3
388084,lutropin alfa,Chemical Structure; Established Pharmacologic Classes; Gonadotropin; Hormone,4
1999420,macimorelin,Established Pharmacologic Classes; Growth Hormone Secretagogue Receptor Agonist; Receptor Agonist; Receptor Interaction,4
1442132,macitentan,Endothelin Receptor Antagonist; Established Pharmacologic Classes; Receptor Antagonist; Receptor Interaction,4
6572,mafenide,Anti-infective; Antibacterial; Antimicrobial; Chemical Structure; Established Pharmacologic Classes; Methylated Sulfonamide Antibacterial,6
1426853,magnesium cation,Calculi Dissolution Agent; Established Pharmacologic Classes; Gastrointestinal Agent; Osmotic Laxative; Physical or Chemical Agent,5
6606,malathion,Cholinesterase Inhibitor; Enzyme Inhibitor; Enzyme Interaction; Established Pharmacologic Classes; Nervous System Agent,5
1546272,manganese cation (2+),Established Pharmacologic Classes; Imaging Agent; Paramagnetic Contrast Agent; Physical or Chemical Agent,4
1011404,mango allergenic extract,Allergen; Allergenic Extract; Established Pharmacologic Classes; Non-Standardized Food Allergenic Extract,4
1426332,mango extract,Allergen; Allergenic Extract; Established Pharmacologic Classes; Non-Standardized Food Allergenic Extract,4
6628,mannitol,Diuretic; Established Pharmacologic Classes; Osmotic Diuretic; Physical or Chemical Agent,4
2571074,maralixibat,Established Pharmacologic Classes; Gastrointestinal Agent; Ileal Bile Acid Transporter Inhibitor,3
620216,maraviroc,Anti-infective; Antimicrobial; CCR5 Co-receptor Antagonist; Established Pharmacologic Classes; Receptor Antagonist; Receptor Interaction,6
2473851,margetuximab,Enzyme Inhibitor; Enzyme Interaction; Established Pharmacologic Classes; HER2/neu Receptor Antagonist; Kinase Inhibitor; Receptor Antagonist; Receptor Interaction,7
2586068,maribavir,Anti-infective; Antimicrobial; Cytomegalovirus pUL97 Kinase Inhibitor; Enzyme Inhibitor; Enzyme Interaction; Established Pharmacologic Classes; Kinase Inhibitor,7
2600867,mavacamten,Cardiac Myosin Inhibitor; Cardiovascular Agent; Enzyme Inhibitor; Enzyme Interaction; Established Pharmacologic Classes,5
2684021,mavorixafor,Chemokine Receptor Type 4 Interaction; CXC Chemokine Receptor 4 Antagonist; Established Pharmacologic Classes; Receptor Interaction,4
851918,meadow fescue grass pollen extract,Allergen; Allergenic Extract; Established Pharmacologic Classes; Standardized Pollen Allergenic Extract,4
1484974,meadow foxtail pollen extract,Allergen; Allergenic Extract; Established Pharmacologic Classes; Non-Standardized Pollen Allergenic Extract,4
804179,"measles virus vaccine live, Enders' attenuated Edmonston strain",Established Pharmacologic Classes; Live Attenuated Measles Virus Vaccine; Vaccine,3
6672,mebendazole,Anthelmintic; Anti-infective; Antimicrobial; Antiparasitic; Established Pharmacologic Classes,5
6673,mecamylamine,Autonomic Ganglionic Blocker; Established Pharmacologic Classes; Ion Channel or Pump Agent; Receptor Antagonist; Receptor Interaction,5
6674,mechlorethamine,Alkylating Drug; Established Pharmacologic Classes; Nucleic Acid Related Agent; Physical or Chemical Agent,4
6676,meclizine,Antiemetic; Established Pharmacologic Classes; Gastrointestinal Agent,3
6691,medroxyprogesterone,Chemical Structure; Established Pharmacologic Classes; Hormone; Progestin; Steroid,5
29439,medrysone,Chemical Structure; Corticosteroid; Established Pharmacologic Classes; Hormone; Receptor Agonist; Receptor Interaction; Steroid,7
6694,mefloquine,Anti-infective; Antimalarial; Antimicrobial; Antiprotozoal; Established Pharmacologic Classes,5
6703,megestrol,Chemical Structure; Established Pharmacologic Classes; Hormone; Progestin; Steroid,5
41493,meloxicam,Enzyme Inhibitor; Enzyme Interaction; Established Pharmacologic Classes; Nonsteroidal Anti-inflammatory Drug,4
6718,melphalan,Alkylating Drug; Established Pharmacologic Classes; Nucleic Acid Related Agent; Physical or Chemical Agent,4
6719,memantine,Established Pharmacologic Classes; Ion Channel or Pump Agent; N-methyl-D-aspartate Receptor Antagonist; Nervous System Agent,4
29501,meningococcal group A polysaccharide,Established Pharmacologic Classes; Inactivated Meningococcal Vaccine; Vaccine,3
6754,meperidine,Established Pharmacologic Classes; Nervous System Agent; Opioid Agonist; Receptor Agonist; Receptor Interaction,5
6759,mepivacaine,Amide Local Anesthetic; Anesthetic; Chemical Structure; Established Pharmacologic Classes; Local Anesthetic,5
1720597,mepolizumab,Established Pharmacologic Classes; Immunologic Agent; Interleukin Agent; Interleukin-5 Antagonist; Receptor Interaction,5
52582,mesalamine,Aminosalicylate; Chemical Structure; Established Pharmacologic Classes; Gastrointestinal Agent,4
852320,mesquite pollen extract,Allergen; Allergenic Extract; Established Pharmacologic Classes; Non-Standardized Pollen Allergenic Extract,4
59078,metaxalone,Established Pharmacologic Classes; Muscle Relaxant,2
6809,metformin,Biguanide; Blood Glucose Regulator; Chemical Structure; Established Pharmacologic Classes,4
155080,methacholine,Cholinergic Receptor Agonist; Established Pharmacologic Classes; Nervous System Agent; Receptor Agonist; Receptor Interaction,5
6813,methadone,Established Pharmacologic Classes; Nervous System Agent; Opioid Agonist; Receptor Agonist; Receptor Interaction,5
6816,methamphetamine,Amphetamine Anorectic; Central Nervous System Stimulant; Chemical Structure; Established Pharmacologic Classes; Nervous System Agent; Sympathomimetic Agent,6
6835,methimazole,Enzyme Inhibitor; Enzyme Interaction; Established Pharmacologic Classes; Thyroid Hormone Synthesis Inhibitor,4
6845,methocarbamol,Established Pharmacologic Classes; Muscle Relaxant,2
6847,methohexital,Barbiturate; Chemical Structure; Established Pharmacologic Classes,3
6851,methotrexate,Enzyme Inhibitor; Enzyme Interaction; Established Pharmacologic Classes; Folate Analog Metabolic Inhibitor; Nucleic Acid Related Agent; Nucleic Acid Synthesis Inhibitor,6
6854,methoxsalen,Chemical Structure; Established Pharmacologic Classes; Photoactivated Radical Generator; Physical or Chemical Agent; Psoralen,5
729596,methoxy polyethylene glycol-epoetin beta,Erythropoiesis-stimulating Agent; Established Pharmacologic Classes; Hematology Agent,3
89785,methscopolamine,Anticholinergic; Established Pharmacologic Classes; Gastrointestinal Agent; Nervous System Agent; Receptor Antagonist; Receptor Interaction,6
47858,methsuximide,Anti-epileptic Agent; Established Pharmacologic Classes; Nervous System Agent,3
337068,methyl 5-aminolevulinate,Chemical Structure; Established Pharmacologic Classes; Porphyrin Precursor,3
1307044,methyldibromo glutaronitrile,Allergen; Established Pharmacologic Classes; Standardized Chemical Allergen,3
6883,methylergonovine,Chemical Structure; Ergot Derivative; Established Pharmacologic Classes; Nervous System Agent,4
29899,methylnaltrexone,Established Pharmacologic Classes; Opioid Antagonist; Receptor Antagonist; Receptor Interaction,4
29903,methylparaben,Allergen; Established Pharmacologic Classes; Standardized Chemical Allergen,3
6901,methylphenidate,Central Nervous System Stimulant; Established Pharmacologic Classes; Nervous System Agent,3
6902,methylprednisolone,Chemical Structure; Corticosteroid; Established Pharmacologic Classes; Hormone; Receptor Agonist; Receptor Interaction; Steroid,7
6904,methyltestosterone,Androgen; Chemical Structure; Established Pharmacologic Classes; Hormone; Receptor Agonist; Receptor Interaction; Steroid,7
6915,metoclopramide,Dopamine-2 Receptor Antagonist; Established Pharmacologic Classes; Nervous System Agent; Receptor Antagonist; Receptor Interaction,5
6916,metolazone,Diuretic; Established Pharmacologic Classes; Thiazide-like Diuretic,3
6918,metoprolol,beta-Adrenergic Blocker; Cardiovascular Agent; Established Pharmacologic Classes; Nervous System Agent; Receptor Antagonist; Receptor Interaction,6
1491625,metreleptin,Chemical Structure; Established Pharmacologic Classes; Hormone; Leptin Analog,4
6922,metronidazole,Anti-infective; Antimicrobial; Chemical Structure; Established Pharmacologic Classes; Nitroimidazole Antimicrobial,5
6923,metyrapone,Adrenal Steroid Synthesis Inhibitor; Enzyme Inhibitor; Enzyme Interaction; Established Pharmacologic Classes,4
266604,metyrosine,Catecholamine Synthesis Inhibitor; Enzyme Inhibitor; Enzyme Interaction; Established Pharmacologic Classes,4
897391,Mexican tea pollen extract,Allergen; Allergenic Extract; Established Pharmacologic Classes; Non-Standardized Pollen Allergenic Extract,4
6926,mexiletine,Antiarrhythmic; Cardiovascular Agent; Established Pharmacologic Classes,3
325887,micafungin,Anti-infective; Antifungal; Antimicrobial; Chemical Structure; Echinocandin Antifungal; Established Pharmacologic Classes,6
6932,miconazole,Anti-infective; Antifungal; Antimicrobial; Azole Antifungal; Chemical Structure; Established Pharmacologic Classes,6
1192992,Microascus brevicaulis allergenic extract,Allergen; Allergenic Extract; Established Pharmacologic Classes; Non-Standardized Fungal Allergenic Extract,4
1014395,Microsporum audouinii allergenic extract,Allergen; Allergenic Extract; Established Pharmacologic Classes; Non-Standardized Fungal Allergenic Extract,4
1014399,microsporum canis allergenic extract,Allergen; Allergenic Extract; Established Pharmacologic Classes; Non-Standardized Fungal Allergenic Extract,4
6960,midazolam,Benzodiazepine; Chemical Structure; Established Pharmacologic Classes; Ion Channel or Pump Agent; Nervous System Agent,5
6963,midodrine,Adrenergic Receptor Agonist; alpha-Adrenergic Agonist; Established Pharmacologic Classes; Nervous System Agent; Receptor Agonist; Receptor Interaction; Sympathomimetic Agent,7
1919083,midostaurin,Enzyme Inhibitor; Enzyme Interaction; Established Pharmacologic Classes; Kinase Inhibitor,4
6964,mifepristone,Established Pharmacologic Classes; Progestin Antagonist; Receptor Antagonist; Receptor Interaction,4
30009,miglitol,alpha-Glucosidase Inhibitor; Blood Glucose Regulator; Enzyme Inhibitor; Enzyme Interaction; Established Pharmacologic Classes,5
402316,miglustat,Enzyme Inhibitor; Enzyme Interaction; Enzyme Stabilizer; Established Pharmacologic Classes; Glucosylceramide Synthase Inhibitor,5
588250,milnacipran,Established Pharmacologic Classes; Nervous System Agent; Serotonin and Norepinephrine Reuptake Inhibitor,3
52769,milrinone,Enzyme Inhibitor; Enzyme Interaction; Established Pharmacologic Classes; Phosphodiesterase 3 Inhibitor,4
1494066,miltefosine,Anti-infective; Antileishmanial; Antimicrobial; Antiparasitic; Established Pharmacologic Classes,5
6980,minocycline,Chemical Structure; Established Pharmacologic Classes; Tetracycline-class Drug,3
6984,minoxidil,Arteriolar Vasodilator; Cardiovascular Agent; Established Pharmacologic Classes; Vasodilator,4
1367839,mipomersen,Antisense Oligonucleotide; Apolipoprotein B-100 Synthesis Inhibitor; Cardiovascular Agent; Chemical Structure; Established Pharmacologic Classes; Nucleic Acid Related Agent,6
1300786,mirabegron,Adrenergic Receptor Agonist; beta-Adrenergic Agonist; beta3-Adrenergic Agonist; Established Pharmacologic Classes; Nervous System Agent; Receptor Agonist; Receptor Interaction; Sympathomimetic Agent,8
2705551,mirdametinib,Enzyme Inhibitor; Enzyme Interaction; Established Pharmacologic Classes; Kinase Inhibitor,4
2668384,mirikizumab,Established Pharmacologic Classes; Immunologic Agent; Interleukin Agent; Interleukin-23 Antagonist; Receptor Interaction,5
42331,misoprostol,Chemical Structure; Established Pharmacologic Classes; Hormone; Prostaglandin E1 Analog,4
2594468,mitapivat,Enzyme Activator; Enzyme Interaction; Established Pharmacologic Classes; Pyruvate Kinase Activator,4
632,mitomycin,Alkylating Drug; Established Pharmacologic Classes; Nucleic Acid Related Agent; Physical or Chemical Agent,4
7005,mitoxantrone,Enzyme Inhibitor; Enzyme Interaction; Established Pharmacologic Classes; Nucleic Acid Related Agent; Nucleic Acid Synthesis Inhibitor; Topoisomerase Inhibitor,6
30125,modafinil,Established Pharmacologic Classes; Nervous System Agent; Sympathomimetic Agent; Sympathomimetic-like Agent,4
1546358,moexiprilat,Angiotensin Converting Enzyme Inhibitor; Anti-infective; Antimicrobial; Cardiovascular Agent; Enzyme Inhibitor; Enzyme Interaction; Established Pharmacologic Classes; Protease Inhibitor,8
2054068,mogamulizumab,Chemokine Receptor Type 4 Interaction; Established Pharmacologic Classes; Immunologic Agent; Monoclonal Antibody; Receptor Interaction,5
7019,molindone,Established Pharmacologic Classes; Nervous System Agent; Typical antipsychotic,3
895070,Mongolian gerbil skin allergenic extract,Allergen; Allergenic Extract; Epidermal and Animal Specific Allergenic Extract; Established Pharmacologic Classes; Non-Standardized Animal Skin Allergenic Extract,5
88249,montelukast,Established Pharmacologic Classes; Leukotriene Receptor Antagonist; Receptor Antagonist; Receptor Interaction; Respiratory Agent,5
7052,morphine,Established Pharmacologic Classes; Nervous System Agent; Opioid Agonist; Receptor Agonist; Receptor Interaction,5
974741,mosquito allergenic extract,Allergen; Allergenic Extract; Epidermal and Animal Specific Allergenic Extract; Established Pharmacologic Classes; Non-Standardized Insect Allergenic Extract,5
852581,mountain cedar pollen extract,Allergen; Allergenic Extract; Established Pharmacologic Classes; Non-Standardized Pollen Allergenic Extract,4
139462,moxifloxacin,Anti-infective; Antibacterial; Antimicrobial; Chemical Structure; Established Pharmacologic Classes; Fluoroquinolone Antibacterial,6
2101422,Mucor circinelloides f. circinelloides allergenic extract,Allergen; Allergenic Extract; Established Pharmacologic Classes; Non-Standardized Fungal Allergenic Extract,4
2101473,Mucor circinelloides f. lusitanicus allergenic extract,Allergen; Allergenic Extract; Established Pharmacologic Classes; Non-Standardized Fungal Allergenic Extract,4
314415,Mucor plumbeus allergenic extract,Allergen; Allergenic Extract; Established Pharmacologic Classes; Non-Standardized Fungal Allergenic Extract,4
852687,Mucor racemosus allergenic extract,Allergen; Allergenic Extract; Established Pharmacologic Classes; Non-Standardized Fungal Allergenic Extract,4
852029,mugwort sage pollen extract,Allergen; Allergenic Extract; Established Pharmacologic Classes; Non-Standardized Pollen Allergenic Extract,4
899593,mulberry pollen extract,Allergen; Allergenic Extract; Established Pharmacologic Classes; Non-Standardized Pollen Allergenic Extract,4
798372,"mumps virus vaccine live, Jeryl Lynn strain",Established Pharmacologic Classes; Live Attenuated Mumps Virus Vaccine; Vaccine,3
891647,mung bean allergenic extract,Allergen; Allergenic Extract; Epidermal and Animal Specific Allergenic Extract; Established Pharmacologic Classes; Non-Standardized Food Allergenic Extract; Non-Standardized Plant Allergenic Extract,6
42372,mupirocin,Anti-infective; Antibacterial; Antimicrobial; Enzyme Inhibitor; Enzyme Interaction; Established Pharmacologic Classes; Nucleic Acid Related Agent; Nucleic Acid Synthesis Inhibitor; RNA Synthetase Inhibitor Antibacterial,9
899452,mustard greens allergenic extract,Allergen; Allergenic Extract; Epidermal and Animal Specific Allergenic Extract; Established Pharmacologic Classes; Non-Standardized Food Allergenic Extract; Non-Standardized Plant Allergenic Extract,6
852205,mustard pollen extract,Allergen; Allergenic Extract; Established Pharmacologic Classes; Non-Standardized Pollen Allergenic Extract,4
899456,mustard seed allergenic extract,Allergen; Allergenic Extract; Epidermal and Animal Specific Allergenic Extract; Established Pharmacologic Classes; Non-Standardized Food Allergenic Extract; Non-Standardized Plant Allergenic Extract,6
7145,mycophenolic acid,Antimetabolite; Antimetabolite Immunosuppressant; Enzyme Inhibitor; Enzyme Interaction; Established Pharmacologic Classes; Immunologic Agent; Nucleic Acid Related Agent; Nucleic Acid Synthesis Inhibitor,8
1363709,"N,N'-diphenyl-4-phenylenediamine",Allergen; Established Pharmacologic Classes; Standardized Chemical Allergen,3
1306886,N-cyclohexyl-2-benzothiazosulfenamide,Allergen; Established Pharmacologic Classes; Standardized Chemical Allergen,3
1427136,"N-cyclohexyl-N'-phenyl-1,4-phenylenediamine",Allergen; Established Pharmacologic Classes; Standardized Chemical Allergen,3
1363710,N-isopropyl-N-phenyl-4-phenylenediamine,Allergen; Established Pharmacologic Classes; Standardized Chemical Allergen,3
1363711,N-oxydiethylene-2-benzothiazole sulfenamide,Allergen; Established Pharmacologic Classes; Standardized Chemical Allergen,3
31447,nabilone,Cannabinoid; Chemical Structure; Established Pharmacologic Classes; Nervous System Agent; Receptor Agonist; Receptor Interaction,6
31448,nabumetone,Enzyme Inhibitor; Enzyme Interaction; Established Pharmacologic Classes; Nonsteroidal Anti-inflammatory Drug,4
7226,nadolol,beta-Adrenergic Blocker; Cardiovascular Agent; Established Pharmacologic Classes; Nervous System Agent; Receptor Antagonist; Receptor Interaction,6
28656,nafarelin,Established Pharmacologic Classes; Gonadotropin Releasing Hormone Receptor Agonist; Receptor Agonist; Receptor Interaction,4
7233,nafcillin,Anti-infective; Antibacterial; Antimicrobial; Chemical Structure; Established Pharmacologic Classes; Penicillin-class Antibacterial,6
31476,naftifine,Allylamine Antifungal; Anti-infective; Antifungal; Antimicrobial; Chemical Structure; Established Pharmacologic Classes,6
7238,nalbuphine,Established Pharmacologic Classes; Nervous System Agent; Opioid Agonist/Antagonist; Receptor Agonist; Receptor Antagonist; Receptor Interaction,6
1876597,naldemedine,Established Pharmacologic Classes; Opioid Antagonist; Receptor Antagonist; Receptor Interaction,4
31479,nalmefene,Established Pharmacologic Classes; Opioid Antagonist; Receptor Antagonist; Receptor Interaction,4
1551777,naloxegol,Established Pharmacologic Classes; Opioid Antagonist; Receptor Antagonist; Receptor Interaction,4
7242,naloxone,Established Pharmacologic Classes; Opioid Antagonist; Receptor Antagonist; Receptor Interaction,4
7243,naltrexone,Established Pharmacologic Classes; Opioid Antagonist; Receptor Antagonist; Receptor Interaction,4
7244,nandrolone,Androgen; Chemical Structure; Established Pharmacologic Classes; Hormone; Receptor Agonist; Receptor Interaction; Steroid,7
7258,naproxen,Enzyme Inhibitor; Enzyme Interaction; Established Pharmacologic Classes; Nonsteroidal Anti-inflammatory Drug,4
141366,naratriptan,Established Pharmacologic Classes; Nervous System Agent; Receptor Agonist; Receptor Interaction; Serotonin-1b and Serotonin-1d Receptor Agonist,5
1098130,narrowleaf marshelder pollen extract,Allergen; Allergenic Extract; Established Pharmacologic Classes; Non-Standardized Pollen Allergenic Extract,4
354770,natalizumab,Established Pharmacologic Classes; Integrin Receptor Antagonist; Receptor Antagonist; Receptor Interaction,4
7268,natamycin,Anti-infective; Antimicrobial; Chemical Structure; Established Pharmacologic Classes; Polyene Antimicrobial,5
274332,nateglinide,Chemical Structure; Established Pharmacologic Classes; Glinide,3
2474039,naxitamab,Antibody or Antibody Fragment; Established Pharmacologic Classes; Glycolipid Disialoganglioside-directed Antibody,3
31555,nebivolol,beta-Adrenergic Blocker; Cardiovascular Agent; Established Pharmacologic Classes; Nervous System Agent; Receptor Antagonist; Receptor Interaction,6
1723738,necitumumab,Enzyme Inhibitor; Enzyme Interaction; Epidermal Growth Factor Receptor Antagonist; Established Pharmacologic Classes; Kinase Inhibitor; Receptor Antagonist; Receptor Interaction,7
31563,nedocromil,Established Pharmacologic Classes; Mast Cell Stabilizer; Respiratory Agent,3
31565,nefazodone,Established Pharmacologic Classes; Nervous System Agent; Selective serotonin reuptake inhibitor,3
797629,Neisseria meningitidis serogroup A capsular polysaccharide diphtheria toxoid protein conjugate vaccine,Established Pharmacologic Classes; Inactivated Meningococcal Vaccine; Vaccine,3
901505,Neisseria meningitidis serogroup A oligosaccharide diphtheria CRM197 protein conjugate vaccine,Established Pharmacologic Classes; Inactivated Meningococcal Vaccine; Vaccine,3
797631,Neisseria meningitidis serogroup C capsular polysaccharide diphtheria toxoid protein conjugate vaccine,Established Pharmacologic Classes; Inactivated Meningococcal Vaccine; Vaccine,3
901507,Neisseria meningitidis serogroup C oligosaccharide diphtheria CRM197 protein conjugate vaccine,Established Pharmacologic Classes; Inactivated Meningococcal Vaccine; Vaccine,3
797633,Neisseria meningitidis serogroup W-135 capsular polysaccharide diphtheria toxoid protein conjugate vaccine,Established Pharmacologic Classes; Inactivated Meningococcal Vaccine; Vaccine,3
901509,Neisseria meningitidis serogroup W-135 oligosaccharide diphtheria CRM197 protein conjugate vaccine,Established Pharmacologic Classes; Inactivated Meningococcal Vaccine; Vaccine,3
797635,Neisseria meningitidis serogroup Y capsular polysaccharide diphtheria toxoid protein conjugate vaccine,Established Pharmacologic Classes; Inactivated Meningococcal Vaccine; Vaccine,3
901511,Neisseria meningitidis serogroup Y oligosaccharide diphtheria CRM197 protein conjugate vaccine,Established Pharmacologic Classes; Inactivated Meningococcal Vaccine; Vaccine,3
274771,nelarabine,Enzyme Inhibitor; Enzyme Interaction; Established Pharmacologic Classes; Nucleic Acid Related Agent; Nucleic Acid Synthesis Inhibitor; Nucleoside Metabolic Inhibitor,6
134527,nelfinavir,Anti-infective; Antimicrobial; Enzyme Inhibitor; Enzyme Interaction; Established Pharmacologic Classes; Protease Inhibitor,6
2691310,nemolizumab,Established Pharmacologic Classes; Immunologic Agent; Interleukin Agent; Interleukin-31 Receptor alpha Antagonist; Receptor Antagonist; Receptor Interaction,6
7299,neomycin,Aminoglycoside Antibacterial; Anti-infective; Antibacterial; Antimicrobial; Chemical Structure; Established Pharmacologic Classes,6
7315,neostigmine,Cholinesterase Inhibitor; Enzyme Inhibitor; Enzyme Interaction; Established Pharmacologic Classes; Nervous System Agent,5
298665,nepafenac,Enzyme Inhibitor; Enzyme Interaction; Established Pharmacologic Classes; Nonsteroidal Anti-inflammatory Drug,4
1940643,neratinib,Enzyme Inhibitor; Enzyme Interaction; Established Pharmacologic Classes; Kinase Inhibitor,4
1992864,netarsudil,Enzyme Inhibitor; Enzyme Interaction; Established Pharmacologic Classes; Kinase Inhibitor; Rho Kinase Inhibitor,5
852046,nettle pollen extract,Allergen; Allergenic Extract; Established Pharmacologic Classes; Non-Standardized Pollen Allergenic Extract,4
1552337,netupitant,Established Pharmacologic Classes; Receptor Antagonist; Receptor Interaction; Substance P/Neurokinin-1 Receptor Antagonist,4
867274,neurospora intermedia allergenic extract,Allergen; Allergenic Extract; Established Pharmacologic Classes; Non-Standardized Fungal Allergenic Extract,4
1098200,Neurospora sitophila allergenic extract,Allergen; Allergenic Extract; Established Pharmacologic Classes; Non-Standardized Fungal Allergenic Extract,4
53654,nevirapine,Anti-infective; Antimicrobial; Enzyme Inhibitor; Enzyme Interaction; Established Pharmacologic Classes; Human Immunodeficiency Virus 1 Non-Nucleoside Analog Reverse Transcriptase Inhibitor; Nucleic Acid Related Agent; Nucleic Acid Synthesis Inhibitor,8
7393,niacin,Chemical Structure; Established Pharmacologic Classes; Nicotinic Acid; Vitamin or Mineral,4
7396,nicardipine,Calcium Channel Agent; Cardiovascular Agent; Dihydropyridine Calcium Channel Blocker; Established Pharmacologic Classes; Ion Channel or Pump Agent,5
1311629,nickel,Allergen; Established Pharmacologic Classes; Standardized Chemical Allergen,3
7407,nicotine,Cholinergic Nicotinic Agonist; Established Pharmacologic Classes; Ion Channel or Pump Agent; Nervous System Agent; Receptor Agonist; Receptor Interaction,6
7417,nifedipine,Calcium Channel Agent; Cardiovascular Agent; Dihydropyridine Calcium Channel Blocker; Established Pharmacologic Classes; Ion Channel or Pump Agent,5
662281,nilotinib,Enzyme Inhibitor; Enzyme Interaction; Established Pharmacologic Classes; Kinase Inhibitor,4
31805,nilutamide,Androgen Receptor Inhibitor; Established Pharmacologic Classes; Receptor Antagonist; Receptor Interaction,4
7426,nimodipine,Calcium Channel Agent; Cardiovascular Agent; Dihydropyridine Calcium Channel Blocker; Established Pharmacologic Classes; Ion Channel or Pump Agent,5
1592737,nintedanib,Enzyme Inhibitor; Enzyme Interaction; Established Pharmacologic Classes; Kinase Inhibitor,4
1918231,niraparib,Enzyme Inhibitor; Enzyme Interaction; Established Pharmacologic Classes; Poly(ADP-Ribose) Polymerase Inhibitor,4
2670631,nirogacestat,Enzyme Inhibitor; Enzyme Interaction; Established Pharmacologic Classes; Gamma Secretase Inhibitor,4
2642401,nirsevimab,Antibody or Antibody Fragment; Established Pharmacologic Classes; Respiratory Agent; Respiratory Syncytial Virus Anti-F Protein Monoclonal Antibody,4
7435,nisoldipine,Calcium Channel Agent; Cardiovascular Agent; Dihydropyridine Calcium Channel Blocker; Established Pharmacologic Classes; Ion Channel or Pump Agent,5
31819,nitazoxanide,Anti-infective; Antimicrobial; Antiprotozoal; Established Pharmacologic Classes,4
61805,nitisinone,4-Hydroxyphenyl-Pyruvate Dioxygenase Inhibitor; Enzyme Inhibitor; Enzyme Interaction; Established Pharmacologic Classes,4
7442,nitric oxide,Cardiovascular Agent; Established Pharmacologic Classes; Vasodilator,3
7454,nitrofurantoin,Anti-infective; Antibacterial; Antimicrobial; Chemical Structure; Established Pharmacologic Classes; Nitrofuran Antibacterial,6
4917,nitroglycerin,Cardiovascular Agent; Chemical Structure; Established Pharmacologic Classes; Nitrate Vasodilator; Vasodilator,5
7476,nitroprusside,Cardiovascular Agent; Established Pharmacologic Classes; Vasodilator,3
1597876,nivolumab,Antibody or Antibody Fragment; Established Pharmacologic Classes; Immunologic Agent; Programmed Death Receptor-1 Blocking Antibody,4
42319,nizatidine,Established Pharmacologic Classes; Gastrointestinal Agent; Histamine-2 Receptor Antagonist; Receptor Antagonist; Receptor Interaction,5
326374,norelgestromin,Chemical Structure; Established Pharmacologic Classes; Hormone; Progestin; Steroid,5
7512,norepinephrine,Cardiovascular Agent; Catecholamine; Chemical Structure; Established Pharmacologic Classes; Nervous System Agent; Sympathomimetic Agent,6
7514,norethindrone,Chemical Structure; Established Pharmacologic Classes; Hormone; Progestin; Steroid,5
31994,norgestimate,Chemical Structure; Established Pharmacologic Classes; Hormone; Progestin; Steroid,5
889602,northern pike allergenic extract,Allergen; Allergenic Extract; Established Pharmacologic Classes; Non-Standardized Food Allergenic Extract,4
1925437,northern quahog preparation,Allergen; Allergenic Extract; Established Pharmacologic Classes; Non-Standardized Food Allergenic Extract,4
7531,nortriptyline,Chemical Structure; Established Pharmacologic Classes; Nervous System Agent; Tricyclic Antidepressant,4
1863556,nusinersen,Antisense Oligonucleotide; Chemical Structure; Established Pharmacologic Classes; Nucleic Acid Related Agent; Survival Motor Neuron-2-directed RNA Interaction,5
891652,nutmeg allergenic extract,Allergen; Allergenic Extract; Epidermal and Animal Specific Allergenic Extract; Established Pharmacologic Classes; Non-Standardized Food Allergenic Extract; Non-Standardized Plant Allergenic Extract,6
1353217,nutmeg extract,Allergen; Allergenic Extract; Epidermal and Animal Specific Allergenic Extract; Established Pharmacologic Classes; Non-Standardized Food Allergenic Extract; Non-Standardized Plant Allergenic Extract,6
7597,nystatin,Anti-infective; Antifungal; Antimicrobial; Chemical Structure; Established Pharmacologic Classes; Polyene Antifungal,6
971932,oat allergenic extract,Allergen; Allergenic Extract; Established Pharmacologic Classes; Non-Standardized Food Allergenic Extract,4
349978,oat smut allergenic extract,Allergen; Allergenic Extract; Established Pharmacologic Classes; Non-Standardized Fungal Allergenic Extract,4
285251,oats preparation,Allergen; Allergenic Extract; Established Pharmacologic Classes; Non-Standardized Food Allergenic Extract,4
1746906,obiltoxaximab,Anthrax Protective Antigen-directed Antibody; Antibody or Antibody Fragment; Established Pharmacologic Classes,3
974779,obinutuzumab,Antibody or Antibody Fragment; CD20-directed Cytolytic Antibody; Established Pharmacologic Classes; Immunologic Agent,4
1876366,ocrelizumab,Antibody or Antibody Fragment; CD20-directed Cytolytic Antibody; Established Pharmacologic Classes; Immunologic Agent,4
7617,octreotide,Chemical Structure; Established Pharmacologic Classes; Hormone; Somatostatin Analog,4
2563966,odevixibat,Established Pharmacologic Classes; Gastrointestinal Agent; Ileal Bile Acid Transporter Inhibitor,3
712566,ofatumumab,Antibody or Antibody Fragment; CD20-directed Cytolytic Antibody; Established Pharmacologic Classes; Immunologic Agent,4
7623,ofloxacin,Anti-infective; Antimicrobial; Chemical Structure; Established Pharmacologic Classes; Quinolone Antimicrobial,5
1011021,okra allergenic extract,Allergen; Allergenic Extract; Epidermal and Animal Specific Allergenic Extract; Established Pharmacologic Classes; Non-Standardized Food Allergenic Extract; Non-Standardized Plant Allergenic Extract,6
1370787,okra extract,Allergen; Allergenic Extract; Epidermal and Animal Specific Allergenic Extract; Established Pharmacologic Classes; Non-Standardized Food Allergenic Extract; Non-Standardized Plant Allergenic Extract,6
61381,olanzapine,Atypical antipsychotic; Established Pharmacologic Classes; Nervous System Agent,3
1597582,olaparib,Enzyme Inhibitor; Enzyme Interaction; Established Pharmacologic Classes; Poly(ADP-Ribose) Polymerase Inhibitor,4
2701418,olezarsen,Antisense Oligonucleotide; APOC-III-directed RNA Interaction; Chemical Structure; Established Pharmacologic Classes; Nucleic Acid Related Agent,5
1309250,olive oil,Established Pharmacologic Classes; Lipid Emulsion,2
321064,olmesartan,Angiotensin 2 Receptor Blocker; Cardiovascular Agent; Established Pharmacologic Classes; Receptor Antagonist; Receptor Interaction,5
1546059,olodaterol,Adrenergic Receptor Agonist; beta-Adrenergic Agonist; beta2-Adrenergic Agonist; Established Pharmacologic Classes; Nervous System Agent; Receptor Agonist; Receptor Interaction; Sympathomimetic Agent,8
135391,olopatadine,Established Pharmacologic Classes; Histamine-1 Receptor Antagonist; Histamine-1 Receptor Inhibitor; Mast Cell Stabilizer; Receptor Antagonist; Receptor Interaction; Respiratory Agent,7
32385,olsalazine,Aminosalicylate; Chemical Structure; Established Pharmacologic Classes; Gastrointestinal Agent,4
2059269,omadacycline,Anti-infective; Antibacterial; Antimicrobial; Chemical Structure; Established Pharmacologic Classes; Tetracycline-class Antibacterial; Tetracycline-class Drug,7
302379,omalizumab,Anti-IgE; Antibody or Antibody Fragment; Established Pharmacologic Classes; Immunologic Agent,4
4301,omega-3 fatty acids,Chemical Structure; Established Pharmacologic Classes; Omega-3 Fatty Acid,3
7646,omeprazole,Established Pharmacologic Classes; Gastrointestinal Agent; Ion Channel or Pump Agent; Proton Pump Inhibitor,4
2612691,omidenepag,Established Pharmacologic Classes; Prostaglandin E2 Receptor Agonist; Receptor Agonist; Receptor Interaction,4
26225,ondansetron,Established Pharmacologic Classes; Nervous System Agent; Receptor Antagonist; Receptor Interaction; Serotonin-3 Receptor Antagonist,5
900108,oneseed juniper pollen extract,Allergen; Allergenic Extract; Established Pharmacologic Classes; Non-Standardized Pollen Allergenic Extract,4
899466,onion allergenic extract,Allergen; Allergenic Extract; Established Pharmacologic Classes; Non-Standardized Food Allergenic Extract,4
1370469,onion extract,Allergen; Allergenic Extract; Established Pharmacologic Classes; Non-Standardized Food Allergenic Extract,4
2362167,opicapone,Catechol-O-methyltransferase inhibitor; Enzyme Inhibitor; Enzyme Interaction; Established Pharmacologic Classes,4
892565,orange allergenic extract,Allergen; Allergenic Extract; Established Pharmacologic Classes; Non-Standardized Food Allergenic Extract,4
966696,orange pekoe tea allergenic extract,Allergen; Allergenic Extract; Epidermal and Animal Specific Allergenic Extract; Established Pharmacologic Classes; Non-Standardized Food Allergenic Extract; Non-Standardized Plant Allergenic Extract,6
897403,orange pollen extract,Allergen; Allergenic Extract; Established Pharmacologic Classes; Non-Standardized Pollen Allergenic Extract,4
851878,orchard grass pollen extract,Allergen; Allergenic Extract; Established Pharmacologic Classes; Standardized Pollen Allergenic Extract,4
1010965,oregano allergenic extract,Allergen; Allergenic Extract; Established Pharmacologic Classes; Non-Standardized Food Allergenic Extract,4
900045,Oregon ash pollen extract,Allergen; Allergenic Extract; Established Pharmacologic Classes; Non-Standardized Pollen Allergenic Extract,4
1547611,oritavancin,Anti-infective; Antibacterial; Antimicrobial; Chemical Structure; Established Pharmacologic Classes; Lipoglycopeptide Antibacterial,6
37925,orlistat,Enzyme Inhibitor; Enzyme Interaction; Established Pharmacologic Classes; Intestinal Lipase Inhibitor,4
7715,orphenadrine,Established Pharmacologic Classes; Muscle Relaxant,2
1098353,orris root allergenic extract,Allergen; Allergenic Extract; Epidermal and Animal Specific Allergenic Extract; Established Pharmacologic Classes; Non-Standardized Plant Allergenic Extract,5
1098189,osage orange pollen extract,Allergen; Allergenic Extract; Established Pharmacologic Classes; Non-Standardized Pollen Allergenic Extract,4
260101,oseltamivir,Anti-infective; Antimicrobial; Enzyme Inhibitor; Enzyme Interaction; Established Pharmacologic Classes; Neuraminidase Inhibitor,6
1546279,oseltamivir carboxylate,Anti-infective; Antimicrobial; Enzyme Inhibitor; Enzyme Interaction; Established Pharmacologic Classes; Neuraminidase Inhibitor,6
2286252,osilodrostat,Cortisol Synthesis Inhibitor; Enzyme Inhibitor; Enzyme Interaction; Established Pharmacologic Classes,4
1721560,osimertinib,Enzyme Inhibitor; Enzyme Interaction; Established Pharmacologic Classes; Kinase Inhibitor,4
1370971,ospemifene,Established Pharmacologic Classes; Estrogen Agonist/Antagonist; Receptor Agonist; Receptor Antagonist; Receptor Interaction,5
2602577,oteseconazole,Anti-infective; Antifungal; Antimicrobial; Azole Antifungal; Chemical Structure; Established Pharmacologic Classes,6
7773,oxacillin,Anti-infective; Antibacterial; Antimicrobial; Chemical Structure; Established Pharmacologic Classes; Penicillin-class Antibacterial,6
32592,oxaliplatin,Chemical Structure; Established Pharmacologic Classes; Nucleic Acid Related Agent; Platinum-based Drug,4
32613,oxaprozin,Enzyme Inhibitor; Enzyme Interaction; Established Pharmacologic Classes; Nonsteroidal Anti-inflammatory Drug,4
7781,oxazepam,Benzodiazepine; Chemical Structure; Established Pharmacologic Classes; Ion Channel or Pump Agent; Nervous System Agent,5
32624,oxcarbazepine,Anti-epileptic Agent; Established Pharmacologic Classes; Nervous System Agent,3
32638,oxiconazole,Anti-infective; Antifungal; Antimicrobial; Azole Antifungal; Chemical Structure; Established Pharmacologic Classes,6
2387302,oxybate,Central Nervous System Depressant; Established Pharmacologic Classes; Nervous System Agent,3
32675,oxybutynin,Cardiovascular Agent; Cholinergic Muscarinic Antagonist; Established Pharmacologic Classes; Nervous System Agent; Receptor Antagonist; Receptor Interaction,6
7804,oxycodone,Established Pharmacologic Classes; Nervous System Agent; Opioid Agonist; Receptor Agonist; Receptor Interaction,5
7812,oxymetazoline,Cardiovascular Agent; Established Pharmacologic Classes; Vasoconstrictor,3
7814,oxymorphone,Established Pharmacologic Classes; Nervous System Agent; Opioid Agonist; Receptor Agonist; Receptor Interaction,5
7824,oxytocin,Established Pharmacologic Classes; Hormone; Oxytocic,3
973274,oyster allergenic extract,Allergen; Allergenic Extract; Established Pharmacologic Classes; Non-Standardized Food Allergenic Extract,4
1315121,"oyster, unspecified preparation",Allergen; Allergenic Extract; Established Pharmacologic Classes; Non-Standardized Food Allergenic Extract,4
2288236,ozanimod,Established Pharmacologic Classes; Immunologic Agent; Receptor Interaction; Sphingosine 1-phosphate Receptor Modulator,4
7839,p-hydroxyamphetamine,Adrenergic Receptor Agonist; Established Pharmacologic Classes; Nervous System Agent; Receptor Agonist; Receptor Interaction; Sympathomimetic Agent,6
1427189,p-tert-butylphenol-formaldehyde resin (low molecular weight),Allergen; Established Pharmacologic Classes; Standardized Chemical Allergen,3
882469,Pacific halibut allergenic extract,Allergen; Allergenic Extract; Established Pharmacologic Classes; Non-Standardized Food Allergenic Extract,4
56946,paclitaxel,Established Pharmacologic Classes; Microtubule Inhibitor; Nucleic Acid Related Agent,3
2595243,pacritinib,Enzyme Inhibitor; Enzyme Interaction; Established Pharmacologic Classes; Kinase Inhibitor,4
966979,Paecilomyces variotii allergenic extract,Allergen; Allergenic Extract; Established Pharmacologic Classes; Non-Standardized Fungal Allergenic Extract,4
2586857,pafolacianine,Established Pharmacologic Classes; Imaging Agent; Optical Imaging Agent; Physical or Chemical Agent; Radiographic Contrast Agent,5
1601374,palbociclib,Enzyme Inhibitor; Enzyme Interaction; Established Pharmacologic Classes; Kinase Inhibitor,4
1232604,pale dock pollen extract,Allergen; Allergenic Extract; Established Pharmacologic Classes; Non-Standardized Pollen Allergenic Extract,4
196319,palifermin,Established Pharmacologic Classes; Growth Factor; Mucocutaneous Epithelial Cell Growth Factor,3
679314,paliperidone,Atypical antipsychotic; Established Pharmacologic Classes; Nervous System Agent,3
194279,palivizumab,Antibody or Antibody Fragment; Established Pharmacologic Classes; Respiratory Agent; Respiratory Syncytial Virus Anti-F Protein Monoclonal Antibody,4
852359,palo verde pollen extract,Allergen; Allergenic Extract; Established Pharmacologic Classes; Non-Standardized Pollen Allergenic Extract,4
70561,palonosetron,Established Pharmacologic Classes; Nervous System Agent; Receptor Antagonist; Receptor Interaction; Serotonin-3 Receptor Antagonist,5
2663954,palovarotene,Chemical Structure; Established Pharmacologic Classes; Retinoid,3
263034,panitumumab,Enzyme Inhibitor; Enzyme Interaction; Epidermal Growth Factor Receptor Antagonist; Established Pharmacologic Classes; Kinase Inhibitor; Receptor Antagonist; Receptor Interaction,7
1603350,panobinostat,Enzyme Inhibitor; Enzyme Interaction; Established Pharmacologic Classes; Histone Deacetylase Inhibitor; Nucleic Acid Related Agent,5
40790,pantoprazole,Established Pharmacologic Classes; Gastrointestinal Agent; Ion Channel or Pump Agent; Proton Pump Inhibitor,4
1011426,papaya allergenic extract,Allergen; Allergenic Extract; Established Pharmacologic Classes; Non-Standardized Food Allergenic Extract,4
1992412,papaya extract,Allergen; Allergenic Extract; Established Pharmacologic Classes; Non-Standardized Food Allergenic Extract,4
899576,paper birch pollen extract,Allergen; Allergenic Extract; Established Pharmacologic Classes; Non-Standardized Pollen Allergenic Extract,4
899873,paprika allergenic extract,Allergen; Allergenic Extract; Established Pharmacologic Classes; Non-Standardized Food Allergenic Extract,4
894750,para grass pollen extract,Allergen; Allergenic Extract; Established Pharmacologic Classes; Non-Standardized Pollen Allergenic Extract,4
1192987,parakeet feather allergenic extract,Allergen; Allergenic Extract; Epidermal and Animal Specific Allergenic Extract; Established Pharmacologic Classes; Non-Standardized Feather Allergenic Extract,5
1427222,parathyroid hormone,Chemical Structure; Established Pharmacologic Classes; Hormone; Parathyroid Hormone,4
73710,paricalcitol,Chemical Structure; Established Pharmacologic Classes; Hormone; Steroid; Vitamin D Analog; Vitamin D2 Analog; Vitamin or Mineral,7
7934,paromomycin,Anti-infective; Antimicrobial; Antiprotozoal; Established Pharmacologic Classes,4
32937,paroxetine,Established Pharmacologic Classes; Nervous System Agent; Selective serotonin reuptake inhibitor,3
899877,parsley allergenic extract,Allergen; Allergenic Extract; Established Pharmacologic Classes; Non-Standardized Food Allergenic Extract,4
1011027,parsnip allergenic extract,Allergen; Allergenic Extract; Established Pharmacologic Classes; Non-Standardized Food Allergenic Extract,4
32941,parthenolide,Allergen; Established Pharmacologic Classes; Standardized Chemical Allergen,3
1364105,pasireotide,Chemical Structure; Established Pharmacologic Classes; Hormone; Somatostatin Analog,4
883442,Passalora fulva allergenic extract,Allergen; Allergenic Extract; Established Pharmacologic Classes; Non-Standardized Fungal Allergenic Extract,4
1716203,patiromer,Established Pharmacologic Classes; Physical or Chemical Agent; Potassium Binder,3
2053490,patisiran,Antisense Oligonucleotide; Chemical Structure; Established Pharmacologic Classes; Nucleic Acid Related Agent; Small Interfering RNA; Transthyretin-directed RNA Interaction,6
714438,pazopanib,Enzyme Inhibitor; Enzyme Interaction; Established Pharmacologic Classes; Kinase Inhibitor,4
892575,peach allergenic extract,Allergen; Allergenic Extract; Established Pharmacologic Classes; Non-Standardized Food Allergenic Extract,4
891658,peanut allergenic extract,Allergen; Allergenic Extract; Established Pharmacologic Classes; Non-Standardized Food Allergenic Extract,4
1367125,pear preparation,Allergen; Allergenic Extract; Established Pharmacologic Classes; Non-Standardized Food Allergenic Extract,4
852272,pecan pollen extract,Allergen; Allergenic Extract; Established Pharmacologic Classes; Non-Standardized Food Allergenic Extract; Non-Standardized Pollen Allergenic Extract,5
34132,pegaspargase,Asparagine-specific Enzyme; Enzyme; Established Pharmacologic Classes,3
2557372,pegcetacoplan,Complement Inhibitor; Established Pharmacologic Classes; Hematology Agent; Immunologic Agent,4
338036,pegfilgrastim,Established Pharmacologic Classes; Growth Factor; Leukocyte Growth Factor,3
120608,peginterferon alfa-2a,Chemical Structure; Established Pharmacologic Classes; Immunologic Agent; Interferon alpha,4
1546168,peginterferon beta-1a,Chemical Structure; Established Pharmacologic Classes; Immunologic Agent; Interferon beta,4
1011650,pegloticase,Enzyme; Established Pharmacologic Classes; Uric Acid-specific Enzyme,3
2637446,pegunigalsidase alfa,Enzyme; Established Pharmacologic Classes; Hydrolytic Lysosomal Neutral Glycosphingolipid-specific Enzyme,3
2046360,pegvaliase,Enzyme; Established Pharmacologic Classes; Phenylalanine Metabolizing Enzyme,3
278739,pegvisomant,Established Pharmacologic Classes; Growth Hormone Receptor Antagonist; Receptor Antagonist; Receptor Interaction,4
1547545,pembrolizumab,Antibody or Antibody Fragment; Established Pharmacologic Classes; Immunologic Agent; Programmed Death Receptor-1 Blocking Antibody,4
68446,pemetrexed,Enzyme Inhibitor; Enzyme Interaction; Established Pharmacologic Classes; Folate Analog Metabolic Inhibitor; Nucleic Acid Related Agent; Nucleic Acid Synthesis Inhibitor,6
2359268,pemigatinib,Enzyme Inhibitor; Enzyme Interaction; Established Pharmacologic Classes; Kinase Inhibitor,4
59839,penciclovir,Anti-infective; Antimicrobial; Enzyme Inhibitor; Enzyme Interaction; Established Pharmacologic Classes; Herpesvirus Nucleoside Analog DNA Polymerase Inhibitor; Nucleic Acid Related Agent; Nucleic Acid Synthesis Inhibitor; Nucleoside Analog Antiviral,9
7975,penicillamine,Antirheumatic Agent; Established Pharmacologic Classes,2
7980,penicillin G,Anti-infective; Antibacterial; Antimicrobial; Chemical Structure; Established Pharmacologic Classes; Penicillin-class Antibacterial,6
7984,penicillin V,Anti-infective; Antibacterial; Antimicrobial; Chemical Structure; Established Pharmacologic Classes; Penicillin-class Antibacterial,6
966943,Penicillium camemberti allergenic extract,Allergen; Allergenic Extract; Established Pharmacologic Classes; Non-Standardized Fungal Allergenic Extract,4
854130,Penicillium chrysogenum var. chrysogenum allergenic extract,Allergen; Allergenic Extract; Established Pharmacologic Classes; Non-Standardized Fungal Allergenic Extract,4
1427044,Penicillium digitatum allergenic extract,Allergen; Allergenic Extract; Established Pharmacologic Classes; Non-Standardized Fungal Allergenic Extract,4
967111,Penicillium expansum allergenic extract,Allergen; Allergenic Extract; Established Pharmacologic Classes; Non-Standardized Fungal Allergenic Extract,4
1986792,Penicillium glaucum allergenic extract,Allergen; Allergenic Extract; Established Pharmacologic Classes; Non-Standardized Food Allergenic Extract; Non-Standardized Fungal Allergenic Extract,5
967960,Penicillium italicum allergenic extract,Allergen; Allergenic Extract; Established Pharmacologic Classes; Non-Standardized Fungal Allergenic Extract,4
972365,Penicillium roquefortii allergenic extract,Allergen; Allergenic Extract; Established Pharmacologic Classes; Non-Standardized Fungal Allergenic Extract,4
7994,pentamidine,Anti-infective; Antimicrobial; Antiprotozoal; Established Pharmacologic Classes,4
8001,pentazocine,Established Pharmacologic Classes; Nervous System Agent; Opioid Agonist/Antagonist; Partial Opioid Agonist/Antagonist; Receptor Agonist; Receptor Antagonist; Receptor Interaction,7
155046,pentosan polysulfate,Chemical Structure; Established Pharmacologic Classes; Glycosaminoglycan,3
8011,pentostatin,Enzyme Inhibitor; Enzyme Interaction; Established Pharmacologic Classes; Nucleic Acid Related Agent; Nucleic Acid Synthesis Inhibitor; Nucleoside Metabolic Inhibitor,6
8013,pentoxifylline,Blood Viscosity Reducer; Established Pharmacologic Classes; Hematology Agent,3
2168421,peppermint flowering top extract,Allergen; Allergenic Extract; Epidermal and Animal Specific Allergenic Extract; Established Pharmacologic Classes; Non-Standardized Food Allergenic Extract; Non-Standardized Plant Allergenic Extract,6
33093,peppermint preparation,Allergen; Allergenic Extract; Epidermal and Animal Specific Allergenic Extract; Established Pharmacologic Classes; Non-Standardized Food Allergenic Extract; Non-Standardized Plant Allergenic Extract,6
1356552,perampanel,Established Pharmacologic Classes; Ion Channel or Pump Agent; Noncompetitive AMPA Glutamate Receptor Antagonist; Receptor Antagonist; Receptor Interaction,5
976711,perch allergenic extract,Allergen; Allergenic Extract; Established Pharmacologic Classes; Non-Standardized Food Allergenic Extract,4
852819,perennial rye grass pollen extract,Allergen; Allergenic Extract; Established Pharmacologic Classes; Standardized Pollen Allergenic Extract,4
2637547,perfluorohexyloctane,Chemical Structure; Established Pharmacologic Classes; Semifluorinated Alkane,3
283753,perflutren,Contrast Agent for Ultrasound Imaging; Established Pharmacologic Classes; Imaging Agent; Physical or Chemical Agent,4
8047,pergolide,Ergot-derived Dopamine Receptor Agonist; Established Pharmacologic Classes; Nervous System Agent; Receptor Agonist; Receptor Interaction,5
54552,perindopril,Angiotensin Converting Enzyme Inhibitor; Anti-infective; Antimicrobial; Cardiovascular Agent; Enzyme Inhibitor; Enzyme Interaction; Established Pharmacologic Classes; Protease Inhibitor,8
1546400,perindoprilat,Angiotensin Converting Enzyme Inhibitor; Anti-infective; Antimicrobial; Cardiovascular Agent; Enzyme Inhibitor; Enzyme Interaction; Established Pharmacologic Classes; Protease Inhibitor,8
2590183,Periplaneta australasiae extract,Allergen; Allergenic Extract; Epidermal and Animal Specific Allergenic Extract; Established Pharmacologic Classes; Non-Standardized Insect Allergenic Extract,5
33199,permethrin,Chemical Structure; Established Pharmacologic Classes; Pyrethroid,3
8076,perphenazine,Chemical Structure; Established Pharmacologic Classes; Nervous System Agent; Phenothiazine,4
1298944,pertuzumab,Enzyme Inhibitor; Enzyme Interaction; Established Pharmacologic Classes; HER2/neu Receptor Antagonist; Kinase Inhibitor; Receptor Antagonist; Receptor Interaction,7
33219,Peruvian balsam,Allergen; Established Pharmacologic Classes; Standardized Chemical Allergen,3
2632070,Peruvian pepper tree pollen extract,Allergen; Allergenic Extract; Established Pharmacologic Classes; Non-Standardized Pollen Allergenic Extract,4
2183102,pexidartinib,Enzyme Inhibitor; Enzyme Interaction; Established Pharmacologic Classes; Kinase Inhibitor,4
968114,Phanerodontia chrysosporium allergenic extract,Allergen; Allergenic Extract; Established Pharmacologic Classes; Non-Standardized Fungal Allergenic Extract,4
1594964,pheasant feather extract,Allergen; Allergenic Extract; Epidermal and Animal Specific Allergenic Extract; Established Pharmacologic Classes; Non-Standardized Feather Allergenic Extract,5
33272,phendimetrazine,Chemical Structure; Established Pharmacologic Classes; Nervous System Agent; Sympathomimetic Agent; Sympathomimetic Amine Anorectic,5
8123,phenelzine,Enzyme Inhibitor; Enzyme Interaction; Established Pharmacologic Classes; Monoamine oxidase inhibitor; Nervous System Agent,5
8149,phenoxybenzamine,alpha-Adrenergic Blocker; Established Pharmacologic Classes; Nervous System Agent; Receptor Antagonist; Receptor Interaction,5
8152,phentermine,Chemical Structure; Established Pharmacologic Classes; Nervous System Agent; Sympathomimetic Agent; Sympathomimetic Amine Anorectic,5
8153,phentolamine,alpha-Adrenergic Blocker; Established Pharmacologic Classes; Nervous System Agent; Receptor Antagonist; Receptor Interaction,5
8163,phenylephrine,Adrenergic Receptor Agonist; alpha-1 Adrenergic Agonist; alpha-Adrenergic Agonist; Established Pharmacologic Classes; Nervous System Agent; Receptor Agonist; Receptor Interaction; Sympathomimetic Agent,8
8183,phenytoin,Anti-epileptic Agent; Established Pharmacologic Classes; Nervous System Agent,3
966995,Phoma destructiva allergenic extract,Allergen; Allergenic Extract; Established Pharmacologic Classes; Non-Standardized Fungal Allergenic Extract,4
867284,Phoma exigua var. exigua allergenic extract,Allergen; Allergenic Extract; Established Pharmacologic Classes; Non-Standardized Fungal Allergenic Extract,4
1940636,pibrentasvir,Anti-infective; Antimicrobial; Established Pharmacologic Classes; Hepatitis C Virus NS5A Inhibitor,4
899650,pignut hickory pollen extract,Allergen; Allergenic Extract; Established Pharmacologic Classes; Non-Standardized Pollen Allergenic Extract,4
8328,pilocarpine,Cholinergic Receptor Agonist; Established Pharmacologic Classes; Nervous System Agent; Receptor Agonist; Receptor Interaction,5
1791685,pimavanserin,Atypical antipsychotic; Established Pharmacologic Classes; Nervous System Agent,3
321952,pimecrolimus,Calcineurin Inhibitor Immunosuppressant; Enzyme Inhibitor; Enzyme Interaction; Established Pharmacologic Classes; Immunologic Agent,5
8331,pimozide,Established Pharmacologic Classes; Nervous System Agent; Typical antipsychotic,3
900999,pin oak pollen extract,Allergen; Allergenic Extract; Established Pharmacologic Classes; Non-Standardized Pollen Allergenic Extract,4
8332,pindolol,beta-Adrenergic Blocker; Cardiovascular Agent; Established Pharmacologic Classes; Nervous System Agent; Receptor Antagonist; Receptor Interaction,6
1492174,pineapple extract,Allergen; Allergenic Extract; Established Pharmacologic Classes; Non-Standardized Food Allergenic Extract,4
2590679,Pinus cembroides pollen extract,Allergen; Allergenic Extract; Established Pharmacologic Classes; Non-Standardized Pollen Allergenic Extract,4
33738,pioglitazone,Blood Glucose Regulator; Chemical Structure; Established Pharmacologic Classes; Peroxisome Proliferator Receptor alpha Agonist; Peroxisome Proliferator Receptor gamma Agonist; Peroxisome Proliferator-activated Receptor Agonist; Receptor Agonist; Receptor Interaction; Thiazolidinedione,9
1592254,pirfenidone,Chemical Structure; Established Pharmacologic Classes; Pyridone,3
8356,piroxicam,Enzyme Inhibitor; Enzyme Interaction; Established Pharmacologic Classes; Nonsteroidal Anti-inflammatory Drug,4
2629338,pirtobrutinib,Enzyme Inhibitor; Enzyme Interaction; Established Pharmacologic Classes; Kinase Inhibitor,4
904606,pistachio nut allergenic extract,Allergen; Allergenic Extract; Established Pharmacologic Classes; Non-Standardized Food Allergenic Extract,4
1426912,Pisum sativum (pea) extract,Allergen; Allergenic Extract; Established Pharmacologic Classes; Non-Standardized Food Allergenic Extract,4
861634,pitavastatin,Cardiovascular Agent; Enzyme Inhibitor; Enzyme Interaction; Established Pharmacologic Classes; HMG-CoA Reductase Inhibitor,5
900758,pitch pine pollen extract,Allergen; Allergenic Extract; Established Pharmacologic Classes; Non-Standardized Pollen Allergenic Extract,4
2197878,pitolisant,Established Pharmacologic Classes; Histamine-3 Receptor Antagonist/Inverse Agonist; Receptor Antagonist; Receptor Interaction,4
867297,plains cottonwood pollen extract,Allergen; Allergenic Extract; Established Pharmacologic Classes; Non-Standardized Pollen Allergenic Extract,4
1873752,plecanatide,Enzyme Activator; Enzyme Interaction; Established Pharmacologic Classes; Gastrointestinal Agent; Guanylate Cyclase-C Agonist,5
852756,Pleospora betae allergenic extract,Allergen; Allergenic Extract; Established Pharmacologic Classes; Non-Standardized Fungal Allergenic Extract,4
971198,Pleospora herbarum allergenic extract,Allergen; Allergenic Extract; Established Pharmacologic Classes; Non-Standardized Fungal Allergenic Extract,4
852404,Pleospora tarda allergenic extract,Allergen; Allergenic Extract; Established Pharmacologic Classes; Non-Standardized Fungal Allergenic Extract,4
733003,plerixafor,Established Pharmacologic Classes; Hematology Agent; Hematopoietic Stem Cell Mobilizer; Immunologic Agent,4
899470,plum allergenic extract,Allergen; Allergenic Extract; Established Pharmacologic Classes; Non-Standardized Food Allergenic Extract,4
968170,polidocanol,Cardiovascular Agent; Established Pharmacologic Classes; Physical or Chemical Agent; Sclerosing Agent,4
763096,"poliovirus vaccine inactivated, type 1 (Mahoney)",Established Pharmacologic Classes; Inactivated Poliovirus Vaccine; Vaccine,3
763098,"poliovirus vaccine inactivated, type 2 (MEF-1)",Established Pharmacologic Classes; Inactivated Poliovirus Vaccine; Vaccine,3
763100,"poliovirus vaccine inactivated, type 3 (Saukett)",Established Pharmacologic Classes; Inactivated Poliovirus Vaccine; Vaccine,3
221147,polyethylene glycol 3350,Established Pharmacologic Classes; Gastrointestinal Agent; Osmotic Laxative; Physical or Chemical Agent,4
8536,polymyxin B,Anti-infective; Antibacterial; Antimicrobial; Chemical Structure; Established Pharmacologic Classes; Polymyxin-class Antibacterial,6
8565,polythiazide,Chemical Structure; Diuretic; Established Pharmacologic Classes; Thiazide Diuretic,4
1369713,pomalidomide,Chemical Structure; Established Pharmacologic Classes; Thalidomide Analog,3
1364347,ponatinib,Enzyme Inhibitor; Enzyme Interaction; Established Pharmacologic Classes; Kinase Inhibitor,4
2532300,ponesimod,Established Pharmacologic Classes; Immunologic Agent; Receptor Interaction; Sphingosine 1-phosphate Receptor Modulator,4
1011017,poppy seed allergenic extract,Allergen; Allergenic Extract; Epidermal and Animal Specific Allergenic Extract; Established Pharmacologic Classes; Non-Standardized Food Allergenic Extract; Non-Standardized Plant Allergenic Extract,6
236381,poractant alfa,Established Pharmacologic Classes; Physical or Chemical Agent; Respiratory Agent; Surfactant,4
892628,pork allergenic extract,Allergen; Allergenic Extract; Established Pharmacologic Classes; Non-Standardized Food Allergenic Extract,4
282446,posaconazole,Anti-infective; Antifungal; Antimicrobial; Azole Antifungal; Chemical Structure; Established Pharmacologic Classes,6
901011,post oak pollen extract,Allergen; Allergenic Extract; Established Pharmacologic Classes; Non-Standardized Pollen Allergenic Extract,4
1318915,potassium ion,Established Pharmacologic Classes; Gastrointestinal Agent; Osmotic Laxative; Physical or Chemical Agent; Potassium Salt; Vitamin or Mineral,6
892632,potato allergenic extract,Allergen; Allergenic Extract; Established Pharmacologic Classes; Non-Standardized Food Allergenic Extract,4
852539,poverty weed pollen extract,Allergen; Allergenic Extract; Established Pharmacologic Classes; Non-Standardized Pollen Allergenic Extract,4
8611,povidone-iodine,Anti-infective; Antiseptic; Established Pharmacologic Classes,3
2663938,pozelimab,Complement Inhibitor; Established Pharmacologic Classes; Hematology Agent; Immunologic Agent,4
867142,prairie sagebrush pollen extract,Allergen; Allergenic Extract; Established Pharmacologic Classes; Non-Standardized Pollen Allergenic Extract,4
662019,pralatrexate,Enzyme Inhibitor; Enzyme Interaction; Established Pharmacologic Classes; Folate Analog Metabolic Inhibitor; Nucleic Acid Related Agent; Nucleic Acid Synthesis Inhibitor,6
34345,pralidoxime,Antidote; Cholinesterase Reactivator; Enzyme Interaction; Established Pharmacologic Classes; Nervous System Agent,5
2394936,pralsetinib,Enzyme Inhibitor; Enzyme Interaction; Established Pharmacologic Classes; Kinase Inhibitor,4
746741,pramipexole,Established Pharmacologic Classes; Nervous System Agent; Nonergot Dopamine Agonist; Receptor Agonist; Receptor Interaction,5
139953,pramlintide,Amylin Analog; Chemical Structure; Established Pharmacologic Classes; Hormone; Receptor Agonist; Receptor Interaction,6
613391,prasugrel,Established Pharmacologic Classes; P2Y12 Platelet Inhibitor; Receptor Antagonist; Receptor Interaction,4
42463,pravastatin,Cardiovascular Agent; Enzyme Inhibitor; Enzyme Interaction; Established Pharmacologic Classes; HMG-CoA Reductase Inhibitor,5
8628,praziquantel,Anthelmintic; Anti-infective; Antimicrobial; Antiparasitic; Established Pharmacologic Classes,5
8629,prazosin,alpha-Adrenergic Blocker; Established Pharmacologic Classes; Nervous System Agent; Receptor Antagonist; Receptor Interaction,5
8638,prednisolone,Chemical Structure; Corticosteroid; Established Pharmacologic Classes; Hormone; Receptor Agonist; Receptor Interaction; Steroid,7
8640,prednisone,Chemical Structure; Corticosteroid; Established Pharmacologic Classes; Hormone; Receptor Agonist; Receptor Interaction; Steroid,7
2198359,pretomanid,Anti-infective; Antibacterial; Antimicrobial; Antimycobacterial; Established Pharmacologic Classes,5
8686,prilocaine,Amide Local Anesthetic; Anesthetic; Chemical Structure; Established Pharmacologic Classes; Local Anesthetic,5
8687,primaquine,Anti-infective; Antimalarial; Antimicrobial; Antiprotozoal; Established Pharmacologic Classes,5
8691,primidone,Anti-epileptic Agent; Established Pharmacologic Classes; Nervous System Agent,3
852622,privet pollen extract,Allergen; Allergenic Extract; Established Pharmacologic Classes; Non-Standardized Pollen Allergenic Extract,4
8700,procainamide,Antiarrhythmic; Cardiovascular Agent; Established Pharmacologic Classes,3
8702,procarbazine,Alkylating Drug; Established Pharmacologic Classes; Nucleic Acid Related Agent; Physical or Chemical Agent,4
8704,prochlorperazine,Chemical Structure; Established Pharmacologic Classes; Nervous System Agent; Phenothiazine,4
8727,progesterone,Chemical Structure; Established Pharmacologic Classes; Hormone; Progesterone; Steroid,5
2382,proguanil,Anti-infective; Antimalarial; Antimicrobial; Antiprotozoal; Established Pharmacologic Classes,5
8745,promethazine,Chemical Structure; Established Pharmacologic Classes; Nervous System Agent; Phenothiazine,4
8754,propafenone,Antiarrhythmic; Cardiovascular Agent; Established Pharmacologic Classes,3
34905,proparacaine,Anesthetic; Established Pharmacologic Classes; Local Anesthetic,3
8782,propofol,Anesthetic; Established Pharmacologic Classes; General Anesthetic,3
8785,propoxyphene,Established Pharmacologic Classes; Nervous System Agent; Opioid Agonist; Receptor Agonist; Receptor Interaction,5
8787,propranolol,beta-Adrenergic Blocker; Cardiovascular Agent; Established Pharmacologic Classes; Nervous System Agent; Receptor Antagonist; Receptor Interaction,6
34706,propylparaben,Allergen; Established Pharmacologic Classes; Standardized Chemical Allergen,3
8794,propylthiouracil,Enzyme Inhibitor; Enzyme Interaction; Established Pharmacologic Classes; Thyroid Hormone Synthesis Inhibitor,4
8826,protamines,Established Pharmacologic Classes; Hematology Agent; Heparin Reversal Agent; Physical or Chemical Agent,4
8886,protriptyline,Chemical Structure; Established Pharmacologic Classes; Nervous System Agent; Tricyclic Antidepressant,4
2107310,prucalopride,Established Pharmacologic Classes; Receptor Agonist; Receptor Interaction; Serotonin-4 Receptor Agonist,4
24902,prussian blue insoluble,Antidote; Decorporation Agent; Established Pharmacologic Classes; Physical or Chemical Agent,4
8896,pseudoephedrine,Adrenergic Receptor Agonist; alpha-Adrenergic Agonist; Established Pharmacologic Classes; Nervous System Agent; Receptor Agonist; Receptor Interaction; Sympathomimetic Agent,7
999487,Puccinia graminis allergenic extract,Allergen; Allergenic Extract; Established Pharmacologic Classes; Non-Standardized Fungal Allergenic Extract,4
883459,pumpkin allergenic extract,Allergen; Allergenic Extract; Established Pharmacologic Classes; Non-Standardized Food Allergenic Extract,4
8948,purified protein derivative of tuberculin,Diagnostic Agent; Established Pharmacologic Classes; Skin Test Antigen; Tuberculosis Skin Test,4
852174,pussy willow pollen extract,Allergen; Allergenic Extract; Established Pharmacologic Classes; Non-Standardized Pollen Allergenic Extract,4
8987,pyrazinamide,Anti-infective; Antibacterial; Antimicrobial; Antimycobacterial; Established Pharmacologic Classes,5
967970,Pyrethrum cinerariifolium allergenic extract,Allergen; Allergenic Extract; Epidermal and Animal Specific Allergenic Extract; Established Pharmacologic Classes; Non-Standardized Plant Allergenic Extract,5
9000,pyridostigmine,Cholinesterase Inhibitor; Enzyme Inhibitor; Enzyme Interaction; Established Pharmacologic Classes; Nervous System Agent,5
684879,pyridoxine,Antidote; Established Pharmacologic Classes; Vitamin B6 Analog; Vitamin or Mineral,4
9010,pyrimethamine,Anti-infective; Antimalarial; Antimicrobial; Antiprotozoal; Dihydrofolate Reductase Inhibitor Antimalarial; Established Pharmacologic Classes,6
852343,quackgrass pollen extract,Allergen; Allergenic Extract; Established Pharmacologic Classes; Non-Standardized Pollen Allergenic Extract,4
283678,quaternium-15,Allergen; Established Pharmacologic Classes; Standardized Chemical Allergen,3
35185,quazepam,Benzodiazepine; Chemical Structure; Established Pharmacologic Classes; Ion Channel or Pump Agent; Nervous System Agent,5
867353,queen palm pollen extract,Allergen; Allergenic Extract; Established Pharmacologic Classes; Non-Standardized Pollen Allergenic Extract,4
1437222,Quercus marilandica pollen extract,Allergen; Allergenic Extract; Established Pharmacologic Classes; Non-Standardized Pollen Allergenic Extract,4
51272,quetiapine,Atypical antipsychotic; Established Pharmacologic Classes; Nervous System Agent,3
35208,quinapril,Angiotensin Converting Enzyme Inhibitor; Anti-infective; Antimicrobial; Cardiovascular Agent; Enzyme Inhibitor; Enzyme Interaction; Established Pharmacologic Classes; Protease Inhibitor,8
1546359,quinaprilat,Angiotensin Converting Enzyme Inhibitor; Anti-infective; Antimicrobial; Cardiovascular Agent; Enzyme Inhibitor; Enzyme Interaction; Established Pharmacologic Classes; Protease Inhibitor,8
1370761,quince extract,Allergen; Allergenic Extract; Established Pharmacologic Classes; Non-Standardized Food Allergenic Extract,4
9068,quinidine,Antiarrhythmic; Cardiovascular Agent; Cytochrome P450 2D6 Inhibitor; Enzyme Inhibitor; Enzyme Interaction; Established Pharmacologic Classes,6
9071,quinine,Anti-infective; Antimalarial; Antimicrobial; Antiprotozoal; Established Pharmacologic Classes,5
2643048,quizartinib,Enzyme Inhibitor; Enzyme Interaction; Established Pharmacologic Classes; Kinase Inhibitor,4
813859,rabbit allergenic extract,Allergen; Allergenic Extract; Established Pharmacologic Classes; Non-Standardized Food Allergenic Extract,4
851969,rabbit bush pollen extract,Allergen; Allergenic Extract; Established Pharmacologic Classes; Non-Standardized Pollen Allergenic Extract,4
114979,rabeprazole,Established Pharmacologic Classes; Gastrointestinal Agent; Ion Channel or Pump Agent; Proton Pump Inhibitor,4
830457,rabies virus vaccine flury-lep strain,Established Pharmacologic Classes; Inactivated Rabies Virus Vaccine; Vaccine,3
830464,"rabies virus vaccine wistar strain PM-1503-3M (human), inactivated",Established Pharmacologic Classes; Inactivated Rabies Virus Vaccine; Vaccine,3
974687,radish allergenic extract,Allergen; Allergenic Extract; Established Pharmacologic Classes; Non-Standardized Food Allergenic Extract,4
1314656,radish extract,Allergen; Allergenic Extract; Established Pharmacologic Classes; Non-Standardized Food Allergenic Extract,4
72143,raloxifene,Established Pharmacologic Classes; Estrogen Agonist/Antagonist; Receptor Agonist; Receptor Antagonist; Receptor Interaction,5
719872,raltegravir,Anti-infective; Antimicrobial; Enzyme Inhibitor; Enzyme Interaction; Established Pharmacologic Classes; Human Immunodeficiency Virus Integrase Strand Transfer Inhibitor,6
596205,ramelteon,Established Pharmacologic Classes; Melatonin Receptor Agonist; Nervous System Agent; Receptor Agonist; Receptor Interaction,5
35296,ramipril,Angiotensin Converting Enzyme Inhibitor; Anti-infective; Antimicrobial; Cardiovascular Agent; Enzyme Inhibitor; Enzyme Interaction; Established Pharmacologic Classes; Protease Inhibitor,8
1546377,ramiprilat,Angiotensin Converting Enzyme Inhibitor; Anti-infective; Antimicrobial; Cardiovascular Agent; Enzyme Inhibitor; Enzyme Interaction; Established Pharmacologic Classes; Protease Inhibitor,8
1535922,ramucirumab,Enzyme Inhibitor; Enzyme Interaction; Established Pharmacologic Classes; Kinase Inhibitor; Vascular Endothelial Growth Factor Receptor 2 Antagonist,5
595060,ranibizumab,Established Pharmacologic Classes; Receptor Antagonist; Receptor Interaction; Vascular Endothelial Growth Factor Inhibitor,4
9143,ranitidine,Established Pharmacologic Classes; Gastrointestinal Agent; Histamine-2 Receptor Antagonist; Receptor Antagonist; Receptor Interaction,5
35829,ranolazine,Anti-anginal; Cardiovascular Agent; Established Pharmacologic Classes,3
134748,rasagiline,Enzyme Inhibitor; Enzyme Interaction; Established Pharmacologic Classes; Monoamine oxidase inhibitor; Nervous System Agent,5
283821,rasburicase,Enzyme; Established Pharmacologic Classes; Uric Acid-specific Enzyme,3
899906,raspberry allergenic extract,Allergen; Allergenic Extract; Established Pharmacologic Classes; Non-Standardized Food Allergenic Extract,4
1370769,raspberry extract,Allergen; Allergenic Extract; Established Pharmacologic Classes; Non-Standardized Food Allergenic Extract,4
895279,rat skin extract,Allergen; Allergenic Extract; Epidermal and Animal Specific Allergenic Extract; Established Pharmacologic Classes; Non-Standardized Animal Skin Allergenic Extract,5
2471704,Rattus norvegicus hair preparation,Allergen; Allergenic Extract; Epidermal and Animal Specific Allergenic Extract; Established Pharmacologic Classes; Non-Standardized Animal Hair Allergenic Extract,5
2107301,ravulizumab,Complement Inhibitor; Established Pharmacologic Classes; Hematology Agent; Immunologic Agent,4
1366567,raxibacumab,Anthrax Protective Antigen-directed Antibody; Antibody or Antibody Fragment; Established Pharmacologic Classes,3
851914,red alder pollen extract,Allergen; Allergenic Extract; Established Pharmacologic Classes; Non-Standardized Pollen Allergenic Extract,4
901329,red bell pepper allergenic extract,Allergen; Allergenic Extract; Established Pharmacologic Classes; Non-Standardized Food Allergenic Extract,4
852609,red cedar pollen extract,Allergen; Allergenic Extract; Established Pharmacologic Classes; Non-Standardized Pollen Allergenic Extract,4
972480,red currant allergenic extract,Allergen; Allergenic Extract; Epidermal and Animal Specific Allergenic Extract; Established Pharmacologic Classes; Non-Standardized Food Allergenic Extract; Non-Standardized Plant Allergenic Extract,6
867341,red imported fire ant allergenic extract,Allergen; Allergenic Extract; Epidermal and Animal Specific Allergenic Extract; Established Pharmacologic Classes; Non-Standardized Insect Allergenic Extract; Non-Standardized Insect Venom Allergenic Extract,6
851744,red maple pollen extract,Allergen; Allergenic Extract; Established Pharmacologic Classes; Non-Standardized Pollen Allergenic Extract,4
852680,red mulberry pollen extract,Allergen; Allergenic Extract; Established Pharmacologic Classes; Non-Standardized Pollen Allergenic Extract,4
852268,red oak pollen extract,Allergen; Allergenic Extract; Established Pharmacologic Classes; Non-Standardized Pollen Allergenic Extract,4
1313692,red pepper extract,Allergen; Allergenic Extract; Established Pharmacologic Classes; Non-Standardized Food Allergenic Extract,4
900754,red pine pollen extract,Allergen; Allergenic Extract; Established Pharmacologic Classes; Non-Standardized Pollen Allergenic Extract,4
889646,red snapper allergenic extract,Allergen; Allergenic Extract; Established Pharmacologic Classes; Non-Standardized Food Allergenic Extract,4
900113,redberry juniper pollen extract,Allergen; Allergenic Extract; Established Pharmacologic Classes; Non-Standardized Pollen Allergenic Extract,4
851930,redroot pigweed pollen extract,Allergen; Allergenic Extract; Established Pharmacologic Classes; Non-Standardized Pollen Allergenic Extract,4
1014707,redwood pollen extract,Allergen; Allergenic Extract; Established Pharmacologic Classes; Non-Standardized Pollen Allergenic Extract,4
1312397,regorafenib,Enzyme Inhibitor; Enzyme Interaction; Established Pharmacologic Classes; Kinase Inhibitor,4
2596773,relatlimab,Established Pharmacologic Classes; Immunologic Agent; Lymphocyte Activation Gene-3 Blocker,3
2472778,relugolix,Established Pharmacologic Classes; Gonadotropin Releasing Hormone Receptor Antagonist; Receptor Antagonist; Receptor Interaction,4
2284718,remdesivir,Enzyme Inhibitor; Enzyme Interaction; Established Pharmacologic Classes; Nucleic Acid Related Agent; Nucleic Acid Synthesis Inhibitor; RNA Polymerase Inhibitor; SARS-CoV-2 Nucleotide Analog RNA Polymerase Inhibitor,7
73032,remifentanil,Established Pharmacologic Classes; Nervous System Agent; Opioid Agonist; Receptor Agonist; Receptor Interaction,5
73044,repaglinide,Chemical Structure; Established Pharmacologic Classes; Glinide,3
2670644,repotrectinib,Enzyme Inhibitor; Enzyme Interaction; Established Pharmacologic Classes; Kinase Inhibitor,4
9260,reserpine,Cardiovascular Agent; Catecholamine-depleting Sympatholytic; Established Pharmacologic Classes,3
1746889,reslizumab,Established Pharmacologic Classes; Immunologic Agent; Interleukin Agent; Interleukin-5 Antagonist; Receptor Interaction,5
2677894,resmetirom,Established Pharmacologic Classes; Receptor Agonist; Receptor Interaction; Thyroid Hormone Receptor beta Agonist,4
642274,retapamulin,Anti-infective; Antibacterial; Antimicrobial; Chemical Structure; Established Pharmacologic Classes; Pleuromutilin Antibacterial,6
2632981,retifanlimab,Antibody or Antibody Fragment; Established Pharmacologic Classes; Immunologic Agent; Programmed Death Receptor-1 Blocking Antibody,4
2102775,revefenacin,Anticholinergic; Established Pharmacologic Classes; Gastrointestinal Agent; Nervous System Agent; Receptor Antagonist; Receptor Interaction,6
2698325,revumenib,Established Pharmacologic Classes; Immunologic Agent; Menin Inhibitor,3
2639155,rezafungin,Anti-infective; Antifungal; Antimicrobial; Chemical Structure; Echinocandin Antifungal; Established Pharmacologic Classes,6
314443,Rhizopus arrhizus allergenic extract,Allergen; Allergenic Extract; Established Pharmacologic Classes; Non-Standardized Fungal Allergenic Extract,4
967721,Rhizopus stolonifer allergenic extract,Allergen; Allergenic Extract; Established Pharmacologic Classes; Non-Standardized Fungal Allergenic Extract,4
967529,Rhodotorula mucilaginosa allergenic extract,Allergen; Allergenic Extract; Established Pharmacologic Classes; Non-Standardized Fungal Allergenic Extract,4
867321,Rhodotorula rubra allergenic extract,Allergen; Allergenic Extract; Established Pharmacologic Classes; Non-Standardized Fungal Allergenic Extract,4
91266,rhubarb preparation,Allergen; Allergenic Extract; Epidermal and Animal Specific Allergenic Extract; Established Pharmacologic Classes; Non-Standardized Food Allergenic Extract; Non-Standardized Plant Allergenic Extract,6
9344,ribavirin,Anti-infective; Antimicrobial; Established Pharmacologic Classes; Nucleoside Analog Antiviral,4
1873916,ribociclib,Enzyme Inhibitor; Enzyme Interaction; Established Pharmacologic Classes; Kinase Inhibitor,4
1925821,riboflavin 5'-phosphate,Established Pharmacologic Classes; Photoenhancer; Physical or Chemical Agent,3
55672,rifabutin,Anti-infective; Antibacterial; Antimicrobial; Antimycobacterial; Chemical Structure; Established Pharmacologic Classes; Rifamycin Antimycobacterial,7
9384,rifampin,Anti-infective; Antibacterial; Antimicrobial; Chemical Structure; Established Pharmacologic Classes; Rifamycin Antibacterial,6
35617,rifapentine,Anti-infective; Antibacterial; Antimicrobial; Antimycobacterial; Chemical Structure; Established Pharmacologic Classes; Rifamycin Antimycobacterial,7
35619,rifaximin,Anti-infective; Antibacterial; Antimicrobial; Chemical Structure; Established Pharmacologic Classes; Rifamycin Antibacterial,6
1102270,rilpivirine,Anti-infective; Antimicrobial; Enzyme Inhibitor; Enzyme Interaction; Established Pharmacologic Classes; Human Immunodeficiency Virus 1 Non-Nucleoside Analog Reverse Transcriptase Inhibitor; Nucleic Acid Related Agent; Nucleic Acid Synthesis Inhibitor,8
35623,riluzole,Benzothiazole; Chemical Structure; Established Pharmacologic Classes,3
9386,rimantadine,Anti-infective; Antimicrobial; Established Pharmacologic Classes; Influenza A M2 Protein Inhibitor,4
2282307,rimegepant,Calcitonin Gene-related Peptide Receptor Antagonist; Established Pharmacologic Classes; Receptor Antagonist; Receptor Interaction,4
1439816,riociguat,Cardiovascular Agent; Enzyme Activator; Enzyme Interaction; Established Pharmacologic Classes; Soluble Guanylate Cyclase Stimulator; Vasodilator,6
2369389,ripretinib,Enzyme Inhibitor; Enzyme Interaction; Established Pharmacologic Classes; Kinase Inhibitor,4
2166040,risankizumab,Established Pharmacologic Classes; Immunologic Agent; Interleukin Agent; Interleukin-23 Antagonist; Receptor Interaction,5
2390935,risdiplam,Established Pharmacologic Classes; Nucleic Acid Related Agent; Survival Motor Neuron-2-directed RNA Interaction; Survival of Motor Neuron 2 Splicing Modifier,4
55685,risedronic acid,Bisphosphonate; Chemical Structure; Established Pharmacologic Classes,3
35636,risperidone,Atypical antipsychotic; Established Pharmacologic Classes; Nervous System Agent,3
85762,ritonavir,Anti-infective; Antimicrobial; Cytochrome P450 3A Inhibitor; Enzyme Inhibitor; Enzyme Interaction; Established Pharmacologic Classes; Protease Inhibitor,7
121191,rituximab,Antibody or Antibody Fragment; CD20-directed Cytolytic Antibody; Established Pharmacologic Classes; Immunologic Agent,4
1114195,rivaroxaban,Enzyme Inhibitor; Enzyme Interaction; Established Pharmacologic Classes; Factor Xa Inhibitor; Hematology Agent,5
183379,rivastigmine,Cholinesterase Inhibitor; Enzyme Inhibitor; Enzyme Interaction; Established Pharmacologic Classes; Nervous System Agent,5
852148,river birch pollen extract,Allergen; Allergenic Extract; Established Pharmacologic Classes; Non-Standardized Pollen Allergenic Extract,4
88014,rizatriptan,Established Pharmacologic Classes; Nervous System Agent; Receptor Agonist; Receptor Interaction; Serotonin-1b and Serotonin-1d Receptor Agonist,5
852601,Rocky Mountain juniper pollen extract,Allergen; Allergenic Extract; Established Pharmacologic Classes; Non-Standardized Pollen Allergenic Extract,4
68139,rocuronium,Established Pharmacologic Classes; Ion Channel or Pump Agent; Neuromuscular Blocker; Nondepolarizing Neuromuscular Blocker; Receptor Antagonist; Receptor Interaction,6
1091836,roflumilast,Enzyme Inhibitor; Enzyme Interaction; Established Pharmacologic Classes; Phosphodiesterase 4 Inhibitor,4
1665496,rolapitant,Established Pharmacologic Classes; Receptor Antagonist; Receptor Interaction; Substance P/Neurokinin-1 Receptor Antagonist,4
877510,romidepsin,Enzyme Inhibitor; Enzyme Interaction; Established Pharmacologic Classes; Histone Deacetylase Inhibitor; Nucleic Acid Related Agent,5
805452,romiplostim,Established Pharmacologic Classes; Hematology Agent; Receptor Agonist; Receptor Interaction; Thrombopoietin Receptor Agonist,5
2587059,ropeginterferon alfa-2b,Chemical Structure; Established Pharmacologic Classes; Immunologic Agent; Interferon alfa-2b; Interferon alpha,5
72302,ropinirole,Established Pharmacologic Classes; Nervous System Agent; Nonergot Dopamine Agonist; Receptor Agonist; Receptor Interaction,5
35780,ropivacaine,Amide Local Anesthetic; Anesthetic; Chemical Structure; Established Pharmacologic Classes; Local Anesthetic,5
84108,rosiglitazone,Blood Glucose Regulator; Chemical Structure; Established Pharmacologic Classes; Peroxisome Proliferator Receptor gamma Agonist; Peroxisome Proliferator-activated Receptor Agonist; Receptor Agonist; Receptor Interaction; Thiazolidinedione,8
1362931,rosin,Allergen; Established Pharmacologic Classes; Standardized Chemical Allergen,3
301542,rosuvastatin,Cardiovascular Agent; Enzyme Inhibitor; Enzyme Interaction; Established Pharmacologic Classes; HMG-CoA Reductase Inhibitor,5
805573,"rotavirus vaccine, live attenuated, G1P[8] human 89-12 strain",Established Pharmacologic Classes; Live Attenuated Rotavirus Vaccine; Vaccine,3
616739,rotigotine,Established Pharmacologic Classes; Nervous System Agent; Nonergot Dopamine Agonist; Receptor Agonist; Receptor Interaction,5
852532,rough marshelder pollen extract,Allergen; Allergenic Extract; Established Pharmacologic Classes; Non-Standardized Pollen Allergenic Extract,4
2642274,rozanolixizumab,Established Pharmacologic Classes; Neonatal Fc Receptor Blocker; Receptor Antagonist; Receptor Interaction,4
762817,rubella virus vaccine live (Wistar RA 27-3 strain),Established Pharmacologic Classes; Live Attenuated Rubella Virus Vaccine; Vaccine,3
1862579,rucaparib,Enzyme Inhibitor; Enzyme Interaction; Established Pharmacologic Classes; Poly(ADP-Ribose) Polymerase Inhibitor,4
852367,Russian olive pollen extract,Allergen; Allergenic Extract; Established Pharmacologic Classes; Non-Standardized Pollen Allergenic Extract,4
852158,Russian thistle pollen extract,Allergen; Allergenic Extract; Established Pharmacologic Classes; Non-Standardized Pollen Allergenic Extract,4
1193326,ruxolitinib,Enzyme Inhibitor; Enzyme Interaction; Established Pharmacologic Classes; Janus Kinase Inhibitor; Kinase Inhibitor,5
892638,rye allergenic extract,Allergen; Allergenic Extract; Established Pharmacologic Classes; Non-Standardized Food Allergenic Extract,4
214817,sacrosidase,Enzyme; Established Pharmacologic Classes; Sucrose-specific Enzyme,3
1860608,sacubitrilat,Anti-infective; Antimicrobial; Cardiovascular Agent; Enzyme Inhibitor; Enzyme Interaction; Established Pharmacologic Classes; Neprilysin Inhibitor; Protease Inhibitor,8
1922448,safinamide,Enzyme Inhibitor; Enzyme Interaction; Established Pharmacologic Classes; Monoamine oxidase inhibitor; Monoamine oxidase-B inhibitor; Nervous System Agent,6
1354504,sage extract,Allergen; Allergenic Extract; Epidermal and Animal Specific Allergenic Extract; Established Pharmacologic Classes; Non-Standardized Food Allergenic Extract; Non-Standardized Plant Allergenic Extract,6
1011627,sage leaf allergenic extract,Allergen; Allergenic Extract; Epidermal and Animal Specific Allergenic Extract; Established Pharmacologic Classes; Non-Standardized Food Allergenic Extract; Non-Standardized Plant Allergenic Extract,6
2590686,Salix lutea pollen extract,Allergen; Allergenic Extract; Established Pharmacologic Classes; Non-Standardized Pollen Allergenic Extract,4
2533912,Salix repens pollen extract,Allergen; Allergenic Extract; Established Pharmacologic Classes; Non-Standardized Pollen Allergenic Extract,4
36117,salmeterol,Adrenergic Receptor Agonist; beta-Adrenergic Agonist; beta2-Adrenergic Agonist; Established Pharmacologic Classes; Nervous System Agent; Receptor Agonist; Receptor Interaction; Sympathomimetic Agent,8
36118,salmon calcitonin,Calcitonin; Chemical Structure; Established Pharmacologic Classes; Hormone,4
1421430,salmon preparation,Allergen; Allergenic Extract; Established Pharmacologic Classes; Non-Standardized Food Allergenic Extract,4
762595,Salmonella typhi Ty21a live antigen,Established Pharmacologic Classes; Live Attenuated Salmonella Typhi Vaccine; Vaccine,3
1314927,Salsola tragus pollen extract,Allergen; Allergenic Extract; Established Pharmacologic Classes; Non-Standardized Pollen Allergenic Extract,4
852329,salt grass pollen extract,Allergen; Allergenic Extract; Established Pharmacologic Classes; Non-Standardized Pollen Allergenic Extract,4
897316,saltbush pollen extract,Allergen; Allergenic Extract; Established Pharmacologic Classes; Non-Standardized Pollen Allergenic Extract,4
2559612,samidorphan,Established Pharmacologic Classes; Opioid Antagonist; Receptor Antagonist; Receptor Interaction,4
851955,sandbur ragweed pollen extract,Allergen; Allergenic Extract; Established Pharmacologic Classes; Non-Standardized Pollen Allergenic Extract,4
753340,sapropterin,Enzyme Activator; Enzyme Interaction; Established Pharmacologic Classes; Phenylalanine Hydroxylase Activator,4
83395,saquinavir,Anti-infective; Antimicrobial; Enzyme Inhibitor; Enzyme Interaction; Established Pharmacologic Classes; Protease Inhibitor,6
974129,sardine allergenic extract,Allergen; Allergenic Extract; Established Pharmacologic Classes; Non-Standardized Food Allergenic Extract,4
2059018,sarecycline,Chemical Structure; Established Pharmacologic Classes; Tetracycline-class Drug,3
69634,sargramostim,Established Pharmacologic Classes; Growth Factor; Leukocyte Growth Factor,3
1923319,sarilumab,Established Pharmacologic Classes; Immunologic Agent; Interleukin Agent; Interleukin-6 Receptor Antagonist; Receptor Antagonist; Receptor Interaction,6
899916,scallop allergenic extract,Allergen; Allergenic Extract; Established Pharmacologic Classes; Non-Standardized Food Allergenic Extract,4
9601,scopolamine,Anticholinergic; Established Pharmacologic Classes; Gastrointestinal Agent; Nervous System Agent; Receptor Antagonist; Receptor Interaction,6
900764,Scotch pine pollen extract,Allergen; Allergenic Extract; Established Pharmacologic Classes; Non-Standardized Pollen Allergenic Extract,4
1013913,scrub pine pollen extract,Allergen; Allergenic Extract; Established Pharmacologic Classes; Non-Standardized Pollen Allergenic Extract,4
1426396,sea scallop preparation,Allergen; Allergenic Extract; Established Pharmacologic Classes; Non-Standardized Food Allergenic Extract,4
1726975,sebelipase alfa,Enzyme; Established Pharmacologic Classes; Hydrolytic Lysosomal Cholesteryl Ester-specific Enzyme; Hydrolytic Lysosomal Triacylglycerol-specific Enzyme,4
2717944,sebetralstat,Anti-infective; Antimicrobial; Enzyme Inhibitor; Enzyme Interaction; Established Pharmacologic Classes; Plasma Kallikrein Inhibitor; Protease Inhibitor,7
36314,secnidazole,Anti-infective; Antimicrobial; Chemical Structure; Established Pharmacologic Classes; Nitroimidazole Antimicrobial,5
9627,secretin,Chemical Structure; Established Pharmacologic Classes; Hormone; Secretin-class Hormone,4
1599788,secukinumab,Established Pharmacologic Classes; Immunologic Agent; Interleukin Agent; Interleukin-17A Antagonist; Receptor Interaction,5
2055978,segesterone,Chemical Structure; Established Pharmacologic Classes; Hormone; Progestin; Steroid,5
9639,selegiline,Enzyme Inhibitor; Enzyme Interaction; Established Pharmacologic Classes; Monoamine oxidase inhibitor; Monoamine oxidase-B inhibitor; Nervous System Agent,6
1729002,selexipag,Established Pharmacologic Classes; Prostacyclin Receptor Agonist; Receptor Agonist; Receptor Interaction,4
2178390,selinexor,Enzyme Inhibitor; Enzyme Interaction; Established Pharmacologic Classes; Nuclear Export Inhibitor,4
2370147,selpercatinib,Enzyme Inhibitor; Enzyme Interaction; Established Pharmacologic Classes; Kinase Inhibitor,4
2289380,selumetinib,Enzyme Inhibitor; Enzyme Interaction; Established Pharmacologic Classes; Kinase Inhibitor,4
1991302,semaglutide,Blood Glucose Regulator; Established Pharmacologic Classes; GLP-1 Receptor Agonist; Receptor Agonist; Receptor Interaction,5
36435,sertaconazole,Anti-infective; Antifungal; Antimicrobial; Azole Antifungal; Chemical Structure; Established Pharmacologic Classes,6
36437,sertraline,Established Pharmacologic Classes; Nervous System Agent; Selective serotonin reuptake inhibitor,3
901199,sesame seed allergenic extract,Allergen; Allergenic Extract; Established Pharmacologic Classes; Non-Standardized Food Allergenic Extract,4
1310046,sesame seed extract,Allergen; Allergenic Extract; Established Pharmacologic Classes; Non-Standardized Food Allergenic Extract,4
2469247,setmelanotide,Established Pharmacologic Classes; Melanocortin 4 Receptor Agonist; Melanocortin Receptor Agonist; Receptor Agonist; Receptor Interaction,5
214824,sevelamer,Established Pharmacologic Classes; Phosphate Binder; Physical or Chemical Agent,3
36453,sevoflurane,Anesthetic; Established Pharmacologic Classes; General Anesthetic,3
852221,shagbark hickory pollen extract,Allergen; Allergenic Extract; Established Pharmacologic Classes; Non-Standardized Pollen Allergenic Extract,4
852213,sheep sorrel pollen extract,Allergen; Allergenic Extract; Established Pharmacologic Classes; Non-Standardized Pollen Allergenic Extract,4
896135,short ragweed pollen extract,Allergen; Allergenic Extract; Established Pharmacologic Classes; Standardized Pollen Allergenic Extract,4
852709,shortleaf pine pollen extract,Allergen; Allergenic Extract; Established Pharmacologic Classes; Non-Standardized Pollen Allergenic Extract,4
892592,shrimp allergenic extract,Allergen; Allergenic Extract; Established Pharmacologic Classes; Non-Standardized Food Allergenic Extract,4
1299981,Siberian elm pollen extract,Allergen; Allergenic Extract; Established Pharmacologic Classes; Non-Standardized Pollen Allergenic Extract,4
136411,sildenafil,Enzyme Inhibitor; Enzyme Interaction; Established Pharmacologic Classes; Phosphodiesterase 5 Inhibitor,4
314455,silk allergenic extract,Allergen; Allergenic Extract; Epidermal and Animal Specific Allergenic Extract; Established Pharmacologic Classes; Non-Standardized Insect Allergenic Extract,5
720825,silodosin,alpha-Adrenergic Blocker; Established Pharmacologic Classes; Nervous System Agent; Receptor Antagonist; Receptor Interaction,5
1535218,siltuximab,Established Pharmacologic Classes; Immunologic Agent; Interleukin Agent; Interleukin-6 Antagonist; Receptor Interaction,5
1306108,silver birch pollen allergenic extract,Allergen; Allergenic Extract; Established Pharmacologic Classes; Non-Standardized Pollen Allergenic Extract,4
851866,silver maple pollen extract,Allergen; Allergenic Extract; Established Pharmacologic Classes; Non-Standardized Pollen Allergenic Extract,4
852306,silver ragweed pollen extract,Allergen; Allergenic Extract; Established Pharmacologic Classes; Non-Standardized Pollen Allergenic Extract,4
9793,silver sulfadiazine,Anti-infective; Antibacterial; Antimicrobial; Chemical Structure; Established Pharmacologic Classes; Sulfonamide Antibacterial; Sulfonamide Antimicrobial,7
36567,simvastatin,Cardiovascular Agent; Enzyme Inhibitor; Enzyme Interaction; Established Pharmacologic Classes; HMG-CoA Reductase Inhibitor,5
9800,sincalide,Chemical Structure; Cholecystokinin Analog; Established Pharmacologic Classes; Hormone,4
2121085,siponimod,Established Pharmacologic Classes; Immunologic Agent; Receptor Interaction; Sphingosine 1-phosphate Receptor Modulator,4
997261,sipuleucel-T,Autologous Cellular Immunotherapy; Established Pharmacologic Classes; Immunologic Agent; Immunotherapy,4
35302,sirolimus,Enzyme Inhibitor; Enzyme Interaction; Established Pharmacologic Classes; Immunologic Agent; Kinase Inhibitor; mTOR Inhibitor Immunosuppressant,6
851882,sisal fiber allergenic extract,Allergen; Allergenic Extract; Epidermal and Animal Specific Allergenic Extract; Established Pharmacologic Classes; Non-Standardized Plant Allergenic Extract; Non-Standardized Plant Fiber Allergenic Extract,6
593411,sitagliptin,Anti-infective; Antimicrobial; Blood Glucose Regulator; Dipeptidyl Peptidase 4 Inhibitor; Enzyme Inhibitor; Enzyme Interaction; Established Pharmacologic Classes; Protease Inhibitor,8
900731,slash pine pollen extract,Allergen; Allergenic Extract; Established Pharmacologic Classes; Non-Standardized Pollen Allergenic Extract,4
851990,slender ragweed pollen extract,Allergen; Allergenic Extract; Established Pharmacologic Classes; Non-Standardized Pollen Allergenic Extract,4
1364429,sodium cation,Established Pharmacologic Classes; Gastrointestinal Agent; Osmotic Laxative; Physical or Chemical Agent,4
1484911,sofosbuvir,Enzyme Inhibitor; Enzyme Interaction; Established Pharmacologic Classes; Hepatitis C Virus Nucleotide Analog NS5B Polymerase Inhibitor; Nucleic Acid Related Agent; Nucleic Acid Synthesis Inhibitor,6
1309242,Solidago virgaurea pollen extract,Allergen; Allergenic Extract; Established Pharmacologic Classes; Non-Standardized Pollen Allergenic Extract,4
322167,solifenacin,Cardiovascular Agent; Cholinergic Muscarinic Antagonist; Established Pharmacologic Classes; Nervous System Agent; Receptor Antagonist; Receptor Interaction,6
2121751,solriamfetol,Dopamine and Norepinephrine Reuptake Inhibitor; Established Pharmacologic Classes; Nervous System Agent,3
61148,somatropin,Chemical Structure; Established Pharmacologic Classes; Hormone; Recombinant Human Growth Hormone,4
1659191,sonidegib,Established Pharmacologic Classes; Hedgehog Pathway Inhibitor; Receptor Antagonist; Receptor Interaction,4
495881,sorafenib,Enzyme Inhibitor; Enzyme Interaction; Established Pharmacologic Classes; Kinase Inhibitor,4
1311406,Sorghum bicolor pollen extract,Allergen; Allergenic Extract; Established Pharmacologic Classes; Non-Standardized Pollen Allergenic Extract,4
2638675,sotagliflozin,Blood Glucose Regulator; Established Pharmacologic Classes; Sodium-Glucose Cotransporter 2 Inhibitor,3
9947,sotalol,Antiarrhythmic; Cardiovascular Agent; Established Pharmacologic Classes,3
2678930,sotatercept,Activin Signaling Inhibitor; Established Pharmacologic Classes; Receptor Interaction,3
1012134,sour cherry allergenic extract,Allergen; Allergenic Extract; Epidermal and Animal Specific Allergenic Extract; Established Pharmacologic Classes; Non-Standardized Food Allergenic Extract; Non-Standardized Plant Allergenic Extract,6
867260,southern bayberry pollen extract,Allergen; Allergenic Extract; Established Pharmacologic Classes; Non-Standardized Pollen Allergenic Extract,4
885750,southern ragweed pollen extract,Allergen; Allergenic Extract; Established Pharmacologic Classes; Non-Standardized Pollen Allergenic Extract,4
1297533,southern yellow jacket venom protein,Allergen; Allergenic Extract; Epidermal and Animal Specific Allergenic Extract; Established Pharmacologic Classes; Standardized Insect Allergenic Extract; Standardized Insect Venom Allergenic Extract,6
891668,soybean allergenic extract,Allergen; Allergenic Extract; Established Pharmacologic Classes; Non-Standardized Food Allergenic Extract,4
9949,soybean oil,Established Pharmacologic Classes; Lipid Emulsion,2
287515,soybean preparation,Allergen; Allergenic Extract; Established Pharmacologic Classes; Non-Standardized Food Allergenic Extract,4
2630535,sparsentan,Angiotensin 2 Receptor Blocker; Cardiovascular Agent; Endothelin Receptor Antagonist; Established Pharmacologic Classes; Receptor Antagonist; Receptor Interaction,6
901313,spearmint allergenic extract,Allergen; Allergenic Extract; Established Pharmacologic Classes; Non-Standardized Food Allergenic Extract,4
1372258,spearmint extract,Allergen; Allergenic Extract; Established Pharmacologic Classes; Non-Standardized Food Allergenic Extract,4
2610417,spesolimab,Established Pharmacologic Classes; Immunologic Agent; Interleukin Agent; Interleukin-1 Receptor Antagonist; Interleukin-36 Receptor Antagonist; Receptor Antagonist; Receptor Interaction,7
901317,spinach allergenic extract,Allergen; Allergenic Extract; Established Pharmacologic Classes; Non-Standardized Food Allergenic Extract,4
299081,spinosad,Anti-infective; Antimicrobial; Antiparasitic; Established Pharmacologic Classes; Pediculicide,5
895919,spiny pigweed pollen extract,Allergen; Allergenic Extract; Established Pharmacologic Classes; Non-Standardized Pollen Allergenic Extract,4
9997,spironolactone,Aldosterone Antagonist; Cardiovascular Agent; Established Pharmacologic Classes; Receptor Antagonist; Receptor Interaction,5
975509,squash allergenic extract,Allergen; Allergenic Extract; Established Pharmacologic Classes; Non-Standardized Food Allergenic Extract,4
968123,Stachybotrys chartarum allergenic extract,Allergen; Allergenic Extract; Established Pharmacologic Classes; Non-Standardized Fungal Allergenic Extract,4
59763,stavudine,Anti-infective; Antimicrobial; Enzyme Inhibitor; Enzyme Interaction; Established Pharmacologic Classes; Human Immunodeficiency Virus Nucleoside Analog Reverse Transcriptase Inhibitor; Nucleic Acid Related Agent; Nucleic Acid Synthesis Inhibitor; Nucleoside Analog Antiviral,9
968130,Stemphylium sarciniforme allergenic extract,Allergen; Allergenic Extract; Established Pharmacologic Classes; Non-Standardized Fungal Allergenic Extract,4
867349,Stemphylium solani allergenic extract,Allergen; Allergenic Extract; Established Pharmacologic Classes; Non-Standardized Fungal Allergenic Extract,4
892484,strawberry allergenic extract,Allergen; Allergenic Extract; Established Pharmacologic Classes; Non-Standardized Food Allergenic Extract,4
901620,Streptococcus pneumoniae serotype 1 capsular antigen diphtheria CRM197 protein conjugate vaccine,Established Pharmacologic Classes; Inactivated Pneumococcal Vaccine; Vaccine,3
798220,Streptococcus pneumoniae serotype 14 capsular antigen diphtheria CRM197 protein conjugate vaccine,Established Pharmacologic Classes; Inactivated Pneumococcal Vaccine; Vaccine,3
798222,Streptococcus pneumoniae serotype 18C capsular antigen diphtheria CRM197 protein conjugate vaccine,Established Pharmacologic Classes; Inactivated Pneumococcal Vaccine; Vaccine,3
901624,Streptococcus pneumoniae serotype 19A capsular antigen diphtheria CRM197 protein conjugate vaccine,Established Pharmacologic Classes; Inactivated Pneumococcal Vaccine; Vaccine,3
798224,Streptococcus pneumoniae serotype 19F capsular antigen diphtheria CRM197 protein conjugate vaccine,Established Pharmacologic Classes; Inactivated Pneumococcal Vaccine; Vaccine,3
798226,Streptococcus pneumoniae serotype 23F capsular antigen diphtheria CRM197 protein conjugate vaccine,Established Pharmacologic Classes; Inactivated Pneumococcal Vaccine; Vaccine,3
901628,Streptococcus pneumoniae serotype 3 capsular antigen diphtheria CRM197 protein conjugate vaccine,Established Pharmacologic Classes; Inactivated Pneumococcal Vaccine; Vaccine,3
798228,Streptococcus pneumoniae serotype 4 capsular antigen diphtheria CRM197 protein conjugate vaccine,Established Pharmacologic Classes; Inactivated Pneumococcal Vaccine; Vaccine,3
901631,Streptococcus pneumoniae serotype 5 capsular antigen diphtheria CRM197 protein conjugate vaccine,Established Pharmacologic Classes; Inactivated Pneumococcal Vaccine; Vaccine,3
901633,Streptococcus pneumoniae serotype 6A capsular antigen diphtheria CRM197 protein conjugate vaccine,Established Pharmacologic Classes; Inactivated Pneumococcal Vaccine; Vaccine,3
798230,Streptococcus pneumoniae serotype 6B capsular antigen diphtheria CRM197 protein conjugate vaccine,Established Pharmacologic Classes; Inactivated Pneumococcal Vaccine; Vaccine,3
901636,Streptococcus pneumoniae serotype 7F capsular antigen diphtheria CRM197 protein conjugate vaccine,Established Pharmacologic Classes; Inactivated Pneumococcal Vaccine; Vaccine,3
798232,Streptococcus pneumoniae serotype 9V capsular antigen diphtheria CRM197 protein conjugate vaccine,Established Pharmacologic Classes; Inactivated Pneumococcal Vaccine; Vaccine,3
854930,Streptococcus pneumoniae type 1 capsular polysaccharide antigen,Established Pharmacologic Classes; Inactivated Pneumococcal Vaccine; Vaccine,3
854932,Streptococcus pneumoniae type 10A capsular polysaccharide antigen,Established Pharmacologic Classes; Inactivated Pneumococcal Vaccine; Vaccine,3
854934,Streptococcus pneumoniae type 11A capsular polysaccharide antigen,Established Pharmacologic Classes; Inactivated Pneumococcal Vaccine; Vaccine,3
854936,Streptococcus pneumoniae type 12F capsular polysaccharide antigen,Established Pharmacologic Classes; Inactivated Pneumococcal Vaccine; Vaccine,3
854938,Streptococcus pneumoniae type 14 capsular polysaccharide antigen,Established Pharmacologic Classes; Inactivated Pneumococcal Vaccine; Vaccine,3
854940,Streptococcus pneumoniae type 15B capsular polysaccharide antigen,Established Pharmacologic Classes; Inactivated Pneumococcal Vaccine; Vaccine,3
854942,Streptococcus pneumoniae type 17F capsular polysaccharide antigen,Established Pharmacologic Classes; Inactivated Pneumococcal Vaccine; Vaccine,3
854944,Streptococcus pneumoniae type 18C capsular polysaccharide antigen,Established Pharmacologic Classes; Inactivated Pneumococcal Vaccine; Vaccine,3
854946,Streptococcus pneumoniae type 19A capsular polysaccharide antigen,Established Pharmacologic Classes; Inactivated Pneumococcal Vaccine; Vaccine,3
854948,Streptococcus pneumoniae type 19F capsular polysaccharide antigen,Established Pharmacologic Classes; Inactivated Pneumococcal Vaccine; Vaccine,3
854950,Streptococcus pneumoniae type 2 capsular polysaccharide antigen,Established Pharmacologic Classes; Inactivated Pneumococcal Vaccine; Vaccine,3
854952,Streptococcus pneumoniae type 20 capsular polysaccharide antigen,Established Pharmacologic Classes; Inactivated Pneumococcal Vaccine; Vaccine,3
854954,Streptococcus pneumoniae type 22F capsular polysaccharide antigen,Established Pharmacologic Classes; Inactivated Pneumococcal Vaccine; Vaccine,3
854956,Streptococcus pneumoniae type 23F capsular polysaccharide antigen,Established Pharmacologic Classes; Inactivated Pneumococcal Vaccine; Vaccine,3
854958,Streptococcus pneumoniae type 3 capsular polysaccharide antigen,Established Pharmacologic Classes; Inactivated Pneumococcal Vaccine; Vaccine,3
854960,Streptococcus pneumoniae type 33F capsular polysaccharide antigen,Established Pharmacologic Classes; Inactivated Pneumococcal Vaccine; Vaccine,3
854962,Streptococcus pneumoniae type 4 capsular polysaccharide antigen,Established Pharmacologic Classes; Inactivated Pneumococcal Vaccine; Vaccine,3
854964,Streptococcus pneumoniae type 5 capsular polysaccharide antigen,Established Pharmacologic Classes; Inactivated Pneumococcal Vaccine; Vaccine,3
854966,Streptococcus pneumoniae type 6B capsular polysaccharide antigen,Established Pharmacologic Classes; Inactivated Pneumococcal Vaccine; Vaccine,3
854968,Streptococcus pneumoniae type 7F capsular polysaccharide antigen,Established Pharmacologic Classes; Inactivated Pneumococcal Vaccine; Vaccine,3
854970,Streptococcus pneumoniae type 8 capsular polysaccharide antigen,Established Pharmacologic Classes; Inactivated Pneumococcal Vaccine; Vaccine,3
854972,Streptococcus pneumoniae type 9N capsular polysaccharide antigen,Established Pharmacologic Classes; Inactivated Pneumococcal Vaccine; Vaccine,3
854974,Streptococcus pneumoniae type 9V capsular polysaccharide antigen,Established Pharmacologic Classes; Inactivated Pneumococcal Vaccine; Vaccine,3
1314592,Streptomyces griseus allergenic extract,Allergen; Allergenic Extract; Established Pharmacologic Classes; Non-Standardized Bacterial Allergenic Extract,4
10109,streptomycin,Aminoglycoside Antibacterial; Anti-infective; Antibacterial; Antimicrobial; Antimycobacterial; Chemical Structure; Established Pharmacologic Classes,7
10114,streptozocin,Alkylating Drug; Established Pharmacologic Classes; Nucleic Acid Related Agent; Physical or Chemical Agent,4
891676,string bean allergenic extract,Allergen; Allergenic Extract; Established Pharmacologic Classes; Non-Standardized Food Allergenic Extract,4
1309678,Strychnos nux-vomica seed extract,Allergen; Allergenic Extract; Epidermal and Animal Specific Allergenic Extract; Established Pharmacologic Classes; Non-Standardized Plant Allergenic Extract,5
3446,succimer,Established Pharmacologic Classes; Lead Chelator; Metal Chelator; Physical or Chemical Agent,4
10154,succinylcholine,Depolarizing Neuromuscular Blocker; Established Pharmacologic Classes; Ion Channel or Pump Agent; Neuromuscular Blocker; Receptor Agonist; Receptor Interaction,6
10156,sucralfate,Aluminum Complex; Chemical Structure; Established Pharmacologic Classes,3
1098455,Sudan grass pollen extract,Allergen; Allergenic Extract; Established Pharmacologic Classes; Non-Standardized Pollen Allergenic Extract,4
56795,sufentanil,Established Pharmacologic Classes; Nervous System Agent; Opioid Agonist; Receptor Agonist; Receptor Interaction,5
899359,sugar beet allergenic extract,Allergen; Allergenic Extract; Epidermal and Animal Specific Allergenic Extract; Established Pharmacologic Classes; Non-Standardized Food Allergenic Extract; Non-Standardized Plant Allergenic Extract,6
852132,sugar beet pollen extract,Allergen; Allergenic Extract; Established Pharmacologic Classes; Non-Standardized Pollen Allergenic Extract,4
10167,sulbactam,beta Lactamase Inhibitor; Enzyme Inhibitor; Enzyme Interaction; Established Pharmacologic Classes,4
37319,sulconazole,Anti-infective; Antifungal; Antimicrobial; Azole Antifungal; Chemical Structure; Established Pharmacologic Classes,6
10169,sulfacetamide,Anti-infective; Antibacterial; Antimicrobial; Chemical Structure; Established Pharmacologic Classes; Sulfonamide Antibacterial; Sulfonamide Antimicrobial,7
10171,sulfadiazine,Anti-infective; Antibacterial; Antimicrobial; Chemical Structure; Established Pharmacologic Classes; Sulfonamide Antibacterial; Sulfonamide Antimicrobial,7
10180,sulfamethoxazole,Anti-infective; Antimicrobial; Chemical Structure; Established Pharmacologic Classes; Sulfonamide Antimicrobial,5
9524,sulfasalazine,Aminosalicylate; Chemical Structure; Established Pharmacologic Classes; Gastrointestinal Agent,4
1426598,sulfate ion,Established Pharmacologic Classes; Gastrointestinal Agent; Osmotic Laxative; Physical or Chemical Agent,4
10207,sulfisoxazole,Anti-infective; Antimicrobial; Chemical Structure; Established Pharmacologic Classes; Sulfonamide Antimicrobial,5
1599276,sulfur hexafluoride,Contrast Agent for Ultrasound Imaging; Established Pharmacologic Classes; Imaging Agent; Physical or Chemical Agent,4
10237,sulindac,Enzyme Inhibitor; Enzyme Interaction; Established Pharmacologic Classes; Nonsteroidal Anti-inflammatory Drug,4
37418,sumatriptan,Established Pharmacologic Classes; Nervous System Agent; Receptor Agonist; Receptor Interaction; Serotonin-1b and Serotonin-1d Receptor Agonist,5
852509,sunflower pollen extract,Allergen; Allergenic Extract; Established Pharmacologic Classes; Non-Standardized Pollen Allergenic Extract,4
901203,sunflower seed allergenic extract,Allergen; Allergenic Extract; Established Pharmacologic Classes; Non-Standardized Food Allergenic Extract,4
1309391,sunflower seed extract,Allergen; Allergenic Extract; Established Pharmacologic Classes; Non-Standardized Food Allergenic Extract,4
357977,sunitinib,Enzyme Inhibitor; Enzyme Interaction; Established Pharmacologic Classes; Kinase Inhibitor,4
2591404,sutimlimab,Classical Complement Pathway Inhibitor; Complement Inhibitor; Established Pharmacologic Classes; Hematology Agent; Immunologic Agent,5
1547099,suvorexant,Established Pharmacologic Classes; Orexin Receptor Antagonist; Receptor Antagonist; Receptor Interaction,4
2704819,suzetrigine,Established Pharmacologic Classes; Ion Channel or Pump Agent; Sodium Channel Blocker,3
852627,sweet gum pollen extract,Allergen; Allergenic Extract; Established Pharmacologic Classes; Non-Standardized Pollen Allergenic Extract,4
901307,sweet potato allergenic extract,Allergen; Allergenic Extract; Established Pharmacologic Classes; Non-Standardized Food Allergenic Extract,4
851898,sweet vernal grass pollen extract,Allergen; Allergenic Extract; Established Pharmacologic Classes; Standardized Pollen Allergenic Extract,4
2167819,sweet wormwood pollen extract,Allergen; Allergenic Extract; Established Pharmacologic Classes; Non-Standardized Pollen Allergenic Extract,4
901283,swordfish allergenic extract,Allergen; Allergenic Extract; Established Pharmacologic Classes; Non-Standardized Food Allergenic Extract,4
895365,Sydney golden wattle pollen extract,Allergen; Allergenic Extract; Established Pharmacologic Classes; Non-Standardized Pollen Allergenic Extract,4
968506,Syncephalastrum racemosum allergenic extract,Allergen; Allergenic Extract; Established Pharmacologic Classes; Non-Standardized Fungal Allergenic Extract,4
1594965,Syrian hamster hair extract,Allergen; Allergenic Extract; Epidermal and Animal Specific Allergenic Extract; Established Pharmacologic Classes; Non-Standardized Animal Hair Allergenic Extract,5
852663,Syrian hamster skin extract,Allergen; Allergenic Extract; Epidermal and Animal Specific Allergenic Extract; Established Pharmacologic Classes; Non-Standardized Animal Skin Allergenic Extract,5
2590185,Tabanus nigrovittatus extract,Allergen; Allergenic Extract; Epidermal and Animal Specific Allergenic Extract; Established Pharmacologic Classes; Non-Standardized Insect Allergenic Extract,5
358263,tadalafil,Enzyme Inhibitor; Enzyme Interaction; Established Pharmacologic Classes; Phosphodiesterase 5 Inhibitor,4
1244607,tafluprost,Chemical Structure; Established Pharmacologic Classes; Hormone; Prostaglandin Analog,4
851902,tag alder pollen extract,Allergen; Allergenic Extract; Established Pharmacologic Classes; Non-Standardized Pollen Allergenic Extract,4
2109055,tagraxofusp,CD123 Interaction; Cytotoxin; Established Pharmacologic Classes; Receptor Interaction,4
2099704,talazoparib,Enzyme Inhibitor; Enzyme Interaction; Established Pharmacologic Classes; Poly(ADP-Ribose) Polymerase Inhibitor,4
2716919,taletrectinib,Enzyme Inhibitor; Enzyme Interaction; Established Pharmacologic Classes; Kinase Inhibitor,4
1291609,taliglucerase alfa,Enzyme; Established Pharmacologic Classes; Hydrolytic Lysosomal Glucocerebroside-specific Enzyme,3
1006506,tall oat grass pollen extract,Allergen; Allergenic Extract; Established Pharmacologic Classes; Non-Standardized Pollen Allergenic Extract,4
10324,tamoxifen,Established Pharmacologic Classes; Estrogen Agonist/Antagonist; Receptor Agonist; Receptor Antagonist; Receptor Interaction,5
77492,tamsulosin,alpha-Adrenergic Blocker; Established Pharmacologic Classes; Nervous System Agent; Receptor Antagonist; Receptor Interaction,5
1011412,tangerine allergenic extract,Allergen; Allergenic Extract; Established Pharmacologic Classes; Non-Standardized Food Allergenic Extract,4
1426364,tangerine extract,Allergen; Allergenic Extract; Established Pharmacologic Classes; Non-Standardized Food Allergenic Extract,4
787390,tapentadol,Established Pharmacologic Classes; Nervous System Agent; Opioid Agonist; Receptor Agonist; Receptor Interaction,5
2602286,tapinarof,Aryl Hydrocarbon Receptor Agonist; Established Pharmacologic Classes; Receptor Agonist; Receptor Interaction,4
1490468,tasimelteon,Established Pharmacologic Classes; Melatonin Receptor Agonist; Nervous System Agent; Receptor Agonist; Receptor Interaction,5
1543173,tavaborole,Chemical Structure; Enzyme Inhibitor; Enzyme Interaction; Established Pharmacologic Classes; Oxaborole Antifungal,5
83947,tazarotene,Chemical Structure; Established Pharmacologic Classes; Retinoid,3
2274378,tazemetostat,Enzyme Inhibitor; Enzyme Interaction; Established Pharmacologic Classes; Methyltransferase Inhibitor,4
37617,tazobactam,beta Lactamase Inhibitor; Enzyme Inhibitor; Enzyme Interaction; Established Pharmacologic Classes,4
2590743,tebentafusp,Bispecific gp100 Peptide-HLA-directed CD3 T Cell Engager; Established Pharmacologic Classes; Receptor Interaction,3
2055104,tecovirimat,Anti-infective; Antimicrobial; Established Pharmacologic Classes; Orthopoxvirus VP37 Envelope Wrapping Protein Inhibitor,4
1540825,tedizolid,Anti-infective; Antibacterial; Antimicrobial; Chemical Structure; Established Pharmacologic Classes; Oxazolidinone Antibacterial,6
1364468,teduglutide,Chemical Structure; Established Pharmacologic Classes; GLP-2 Analog; Hormone; Receptor Agonist; Receptor Interaction,6
139778,tegaserod,Established Pharmacologic Classes; Receptor Agonist; Receptor Interaction; Serotonin-4 Receptor Agonist,4
473837,telavancin,Anti-infective; Antibacterial; Antimicrobial; Chemical Structure; Established Pharmacologic Classes; Lipoglycopeptide Antibacterial,6
274786,telithromycin,Anti-infective; Antibacterial; Antimicrobial; Chemical Structure; Established Pharmacologic Classes; Ketolide Antibacterial,6
73494,telmisartan,Angiotensin 2 Receptor Blocker; Cardiovascular Agent; Established Pharmacologic Classes; Receptor Antagonist; Receptor Interaction,5
1872382,telotristat,Enzyme Inhibitor; Enzyme Interaction; Established Pharmacologic Classes; Tryptophan Hydroxylase Inhibitor,4
10355,temazepam,Benzodiazepine; Chemical Structure; Established Pharmacologic Classes; Ion Channel or Pump Agent; Nervous System Agent,5
37776,temozolomide,Alkylating Drug; Established Pharmacologic Classes; Nucleic Acid Related Agent; Physical or Chemical Agent,4
657797,temsirolimus,Enzyme Inhibitor; Enzyme Interaction; Established Pharmacologic Classes; Kinase Inhibitor,4
2199674,tenapanor,Established Pharmacologic Classes; Gastrointestinal Agent; Osmotic Laxative; Physical or Chemical Agent; Sodium-Hydrogen Exchanger 3 Inhibitor,5
2621880,teplizumab,CD3-directed Antibody; Established Pharmacologic Classes; Immunologic Agent,3
2477103,tepotinib,Enzyme Inhibitor; Enzyme Interaction; Established Pharmacologic Classes; Kinase Inhibitor,4
2274803,teprotumumab,Established Pharmacologic Classes; Insulin-like Growth Factor-1 Receptor Inhibitor; Receptor Antagonist; Receptor Interaction,4
37798,terazosin,alpha-Adrenergic Blocker; Established Pharmacologic Classes; Nervous System Agent; Receptor Antagonist; Receptor Interaction,5
37801,terbinafine,Allylamine Antifungal; Anti-infective; Antifungal; Antimicrobial; Chemical Structure; Established Pharmacologic Classes,6
37806,terconazole,Anti-infective; Antifungal; Antimicrobial; Azole Antifungal; Chemical Structure; Established Pharmacologic Classes,6
1310520,teriflunomide,Enzyme Inhibitor; Enzyme Interaction; Established Pharmacologic Classes; Immunologic Agent; Nucleic Acid Related Agent; Nucleic Acid Synthesis Inhibitor; Pyrimidine Synthesis Inhibitor,7
32915,teriparatide,Chemical Structure; Established Pharmacologic Classes; Hormone; Parathyroid Hormone Analog,4
57048,terlipressin,Cardiovascular Agent; Established Pharmacologic Classes; Receptor Agonist; Receptor Interaction; Vasopressin Receptor Agonist,5
1044584,tesamorelin,Chemical Structure; Established Pharmacologic Classes; Growth Hormone Releasing Factor Analog; Hormone,4
10379,testosterone,Androgen; Chemical Structure; Established Pharmacologic Classes; Hormone; Receptor Agonist; Receptor Interaction; Steroid,7
798306,"tetanus toxoid vaccine, inactivated",Established Pharmacologic Classes; Inactivated Clostridium Tetani Vaccine; Vaccine,3
10390,tetrabenazine,Established Pharmacologic Classes; Nervous System Agent; Vesicular Monoamine Transporter 2 Inhibitor,3
10391,tetracaine,Anesthetic; Chemical Structure; Established Pharmacologic Classes; Ester Local Anesthetic; Local Anesthetic,5
968502,Tetracoccosporium paxianum allergenic extract,Allergen; Allergenic Extract; Established Pharmacologic Classes; Non-Standardized Fungal Allergenic Extract,4
10395,tetracycline,Anti-infective; Antimicrobial; Chemical Structure; Established Pharmacologic Classes; Tetracycline-class Antimicrobial; Tetracycline-class Drug,6
1363713,tetramethylthiuram monosulfide,Allergen; Established Pharmacologic Classes; Standardized Chemical Allergen,3
2587789,tezepelumab,Established Pharmacologic Classes; Immunologic Agent; Monoclonal Antibody; Thymic Stromal Lymphopoietin Blocker,4
10450,thiabendazole,Anthelmintic; Anti-infective; Antimicrobial; Antiparasitic; Established Pharmacologic Classes,5
10502,thioridazine,Chemical Structure; Established Pharmacologic Classes; Nervous System Agent; Phenothiazine,4
10473,thiotepa,Alkylating Drug; Established Pharmacologic Classes; Nucleic Acid Related Agent; Physical or Chemical Agent,4
10510,thiothixene,Established Pharmacologic Classes; Nervous System Agent; Typical antipsychotic,3
10517,thiram,Allergen; Established Pharmacologic Classes; Standardized Chemical Allergen,3
10528,thrombin,Blood Coagulation Factor; Established Pharmacologic Classes; Hematology Agent,3
974527,thyme allergenic extract,Allergen; Allergenic Extract; Established Pharmacologic Classes; Non-Standardized Food Allergenic Extract,4
319823,thyme preparation,Allergen; Allergenic Extract; Established Pharmacologic Classes; Non-Standardized Food Allergenic Extract,4
4952,thyrotropin alfa,Chemical Structure; Established Pharmacologic Classes; Hormone; Thyroid Stimulating Hormone,4
31914,tiagabine,Anti-epileptic Agent; Established Pharmacologic Classes; Nervous System Agent,3
1116632,ticagrelor,Established Pharmacologic Classes; P2Y12 Platelet Inhibitor; Receptor Antagonist; Receptor Interaction,4
10591,ticarcillin,Anti-infective; Antibacterial; Antimicrobial; Chemical Structure; Established Pharmacologic Classes; Penicillin-class Antibacterial,6
10594,ticlopidine,Established Pharmacologic Classes; Hematology Agent; Platelet Aggregation Inhibitor,3
384455,tigecycline,Anti-infective; Antibacterial; Antimicrobial; Chemical Structure; Established Pharmacologic Classes; Tetracycline-class Antibacterial; Tetracycline-class Drug,7
2053436,tildrakizumab,Established Pharmacologic Classes; Immunologic Agent; Interleukin Agent; Interleukin-23 Antagonist; Receptor Interaction,5
851994,Timothy grass pollen extract,Allergen; Allergenic Extract; Established Pharmacologic Classes; Standardized Pollen Allergenic Extract,4
10612,tinidazole,Anti-infective; Antimicrobial; Chemical Structure; Established Pharmacologic Classes; Nitroimidazole Antimicrobial,5
38298,tioconazole,Anti-infective; Antifungal; Antimicrobial; Azole Antifungal; Chemical Structure; Established Pharmacologic Classes,6
6765,tiopronin,Chemical Structure; Established Pharmacologic Classes; Physical or Chemical Agent; Reducing and Complexing Thiol,4
69120,tiotropium,Anticholinergic; Established Pharmacologic Classes; Gastrointestinal Agent; Nervous System Agent; Receptor Antagonist; Receptor Interaction,6
1670304,tipiracil,Enzyme Inhibitor; Enzyme Interaction; Established Pharmacologic Classes; Thymidine Phosphorylase Inhibitor,4
190548,tipranavir,Anti-infective; Antimicrobial; Enzyme Inhibitor; Enzyme Interaction; Established Pharmacologic Classes; Protease Inhibitor,6
2471078,tirbanibulin,Established Pharmacologic Classes; Microtubule Inhibitor; Nucleic Acid Related Agent,3
73137,tirofiban,Established Pharmacologic Classes; Hematology Agent; Platelet Aggregation Inhibitor,3
2601723,tirzepatide,Blood Glucose Regulator; Established Pharmacologic Classes; GLP-1 Receptor Agonist; Glucose-dependent Insulinotropic Polypeptide Receptor Agonist; Receptor Agonist; Receptor Interaction,6
1986438,tisagenlecleucel,Autologous Cellular Immunotherapy; CD19-directed Chimeric Antigen Receptor; Established Pharmacologic Classes; Genetically-modified Autologous T Cells; Immunologic Agent; Immunotherapy,6
2677426,tislelizumab,Antibody or Antibody Fragment; Established Pharmacologic Classes; Immunologic Agent; Programmed Death Receptor-1 Blocking Antibody,4
2534233,tivozanib,Enzyme Inhibitor; Enzyme Interaction; Established Pharmacologic Classes; Kinase Inhibitor,4
57258,tizanidine,Adrenergic Receptor Agonist; Alpha-2 adrenergic agonist; alpha-Adrenergic Agonist; Established Pharmacologic Classes; Nervous System Agent; Receptor Agonist; Receptor Interaction; Sympathomimetic Agent,8
852062,tobacco leaf allergenic extract,Allergen; Allergenic Extract; Epidermal and Animal Specific Allergenic Extract; Established Pharmacologic Classes; Non-Standardized Plant Allergenic Extract,5
10627,tobramycin,Aminoglycoside Antibacterial; Anti-infective; Antibacterial; Antimicrobial; Chemical Structure; Established Pharmacologic Classes,6
612865,tocilizumab,Established Pharmacologic Classes; Immunologic Agent; Interleukin Agent; Interleukin-6 Receptor Antagonist; Receptor Antagonist; Receptor Interaction,6
1357536,tofacitinib,Enzyme Inhibitor; Enzyme Interaction; Established Pharmacologic Classes; Janus Kinase Inhibitor; Kinase Inhibitor,5
2634995,tofersen,Antisense Oligonucleotide; Chemical Structure; Established Pharmacologic Classes; Nucleic Acid Related Agent,4
10633,tolazamide,Blood Glucose Regulator; Chemical Structure; Established Pharmacologic Classes; Sulfonylurea,4
72937,tolcapone,Catechol-O-methyltransferase inhibitor; Enzyme Inhibitor; Enzyme Interaction; Established Pharmacologic Classes,4
10636,tolmetin,Enzyme Inhibitor; Enzyme Interaction; Established Pharmacologic Classes; Nonsteroidal Anti-inflammatory Drug,4
119565,tolterodine,Cardiovascular Agent; Cholinergic Muscarinic Antagonist; Established Pharmacologic Classes; Nervous System Agent; Receptor Antagonist; Receptor Interaction,6
358257,tolvaptan,Cardiovascular Agent; Established Pharmacologic Classes; Receptor Antagonist; Receptor Interaction; Vasopressin Receptor Antagonist; Vasopressin V2 Receptor Antagonist,6
892499,tomato allergenic extract,Allergen; Allergenic Extract; Established Pharmacologic Classes; Non-Standardized Food Allergenic Extract,4
57308,topotecan,Enzyme Inhibitor; Enzyme Interaction; Established Pharmacologic Classes; Nucleic Acid Related Agent; Nucleic Acid Synthesis Inhibitor; Topoisomerase Inhibitor,6
38409,toremifene,Established Pharmacologic Classes; Estrogen Agonist/Antagonist; Receptor Agonist; Receptor Antagonist; Receptor Interaction,5
2669406,toripalimab,Antibody or Antibody Fragment; Established Pharmacologic Classes; Immunologic Agent; Programmed Death Receptor-1 Blocking Antibody,4
38413,torsemide,Diuretic; Established Pharmacologic Classes; Loop Diuretic,3
2682434,tovorafenib,Enzyme Inhibitor; Enzyme Interaction; Established Pharmacologic Classes; Kinase Inhibitor,4
1716278,trabectedin,Alkylating Drug; Established Pharmacologic Classes; Nucleic Acid Related Agent; Physical or Chemical Agent,4
1368197,tragacanth,Allergen; Allergenic Extract; Epidermal and Animal Specific Allergenic Extract; Established Pharmacologic Classes; Non-Standardized Food Allergenic Extract; Non-Standardized Plant Allergenic Extract,6
2589225,tralokinumab,Established Pharmacologic Classes; Immunologic Agent; Interleukin Agent; Interleukin-13 Antagonist; Receptor Interaction,5
10689,tramadol,Established Pharmacologic Classes; Nervous System Agent; Opioid Agonist; Receptor Agonist; Receptor Interaction,5
1425099,trametinib,Enzyme Inhibitor; Enzyme Interaction; Established Pharmacologic Classes; Kinase Inhibitor,4
38454,trandolapril,Angiotensin Converting Enzyme Inhibitor; Anti-infective; Antimicrobial; Cardiovascular Agent; Enzyme Inhibitor; Enzyme Interaction; Established Pharmacologic Classes; Protease Inhibitor,8
1546379,trandolaprilat,Angiotensin Converting Enzyme Inhibitor; Anti-infective; Antimicrobial; Cardiovascular Agent; Enzyme Inhibitor; Enzyme Interaction; Established Pharmacologic Classes; Protease Inhibitor,8
10691,tranexamic acid,Antifibrinolytic Agent; Established Pharmacologic Classes; Hematology Agent,3
10734,tranylcypromine,Enzyme Inhibitor; Enzyme Interaction; Established Pharmacologic Classes; Monoamine oxidase inhibitor; Nervous System Agent,5
224905,trastuzumab,Enzyme Inhibitor; Enzyme Interaction; Established Pharmacologic Classes; HER2/neu Receptor Antagonist; Kinase Inhibitor; Receptor Antagonist; Receptor Interaction,7
283809,travoprost,Chemical Structure; Established Pharmacologic Classes; Hormone; Prostaglandin Analog,4
10737,trazodone,Established Pharmacologic Classes; Nervous System Agent; Selective serotonin reuptake inhibitor,3
851890,tree of heaven pollen extract,Allergen; Allergenic Extract; Established Pharmacologic Classes; Non-Standardized Pollen Allergenic Extract,4
2619313,tremelimumab,Antibody or Antibody Fragment; CTLA-4-directed Blocking Antibody; Established Pharmacologic Classes,3
343048,treprostinil,Cardiovascular Agent; Chemical Structure; Established Pharmacologic Classes; Prostacycline; Prostacycline Vasodilator; Vasodilator,6
10753,tretinoin,Chemical Structure; Established Pharmacologic Classes; Retinoid,3
10759,triamcinolone,Chemical Structure; Corticosteroid; Established Pharmacologic Classes; Hormone; Receptor Agonist; Receptor Interaction; Steroid,7
10763,triamterene,Diuretic; Established Pharmacologic Classes; Ion Channel or Pump Agent; Potassium-sparing Diuretic,4
10767,triazolam,Benzodiazepine; Chemical Structure; Established Pharmacologic Classes; Ion Channel or Pump Agent; Nervous System Agent,5
968197,Trichoderma harzianum allergenic extract,Allergen; Allergenic Extract; Established Pharmacologic Classes; Non-Standardized Fungal Allergenic Extract,4
968401,Trichoderma viride allergenic extract,Allergen; Allergenic Extract; Established Pharmacologic Classes; Non-Standardized Fungal Allergenic Extract,4
867357,Trichophyton mentagrophytes allergenic extract,Allergen; Allergenic Extract; Established Pharmacologic Classes; Non-Standardized Fungal Allergenic Extract,4
968413,Trichophyton rubrum allergenic extract,Allergen; Allergenic Extract; Established Pharmacologic Classes; Non-Standardized Fungal Allergenic Extract,4
968422,Trichophyton schoenleinii allergenic extract,Allergen; Allergenic Extract; Established Pharmacologic Classes; Non-Standardized Fungal Allergenic Extract,4
1098619,Trichophyton tonsurans allergenic extract,Allergen; Allergenic Extract; Established Pharmacologic Classes; Non-Standardized Fungal Allergenic Extract,4
968426,Trichothecium roseum allergenic extract,Allergen; Allergenic Extract; Established Pharmacologic Classes; Non-Standardized Fungal Allergenic Extract,4
2118525,triclabendazole,Anthelmintic; Anti-infective; Antimicrobial; Antiparasitic; Established Pharmacologic Classes,5
10798,trientine,Copper Chelator; Established Pharmacologic Classes; Metal Chelator; Physical or Chemical Agent,4
2205637,trifarotene,Chemical Structure; Established Pharmacologic Classes; Retinoid,3
10800,trifluoperazine,Chemical Structure; Established Pharmacologic Classes; Nervous System Agent; Phenothiazine,4
10803,trifluridine,Anti-infective; Antimicrobial; Enzyme Inhibitor; Enzyme Interaction; Established Pharmacologic Classes; Nucleic Acid Related Agent; Nucleic Acid Synthesis Inhibitor; Nucleoside Analog Antiviral; Nucleoside Metabolic Inhibitor,9
2102052,Trifolium pratense pollen extract,Allergen; Allergenic Extract; Established Pharmacologic Classes; Non-Standardized Pollen Allergenic Extract,4
1313234,triheptanoin,Chemical Structure; Established Pharmacologic Classes; Gastrointestinal Agent; Medium-chain Triglyceride,4
2479690,trilaciclib,Enzyme Inhibitor; Enzyme Interaction; Established Pharmacologic Classes; Kinase Inhibitor,4
38685,trimethobenzamide,Antiemetic; Established Pharmacologic Classes; Gastrointestinal Agent,3
10829,trimethoprim,Anti-infective; Antibacterial; Antimicrobial; Dihydrofolate Reductase Inhibitor Antibacterial; Established Pharmacologic Classes,5
10834,trimipramine,Chemical Structure; Established Pharmacologic Classes; Nervous System Agent; Tricyclic Antidepressant,4
38782,triptorelin,Established Pharmacologic Classes; Gonadotropin Releasing Hormone Receptor Agonist; Receptor Agonist; Receptor Interaction,4
10869,tropicamide,Anticholinergic; Established Pharmacologic Classes; Gastrointestinal Agent; Nervous System Agent; Receptor Antagonist; Receptor Interaction,6
236778,trospium,Cardiovascular Agent; Cholinergic Muscarinic Antagonist; Established Pharmacologic Classes; Nervous System Agent; Receptor Antagonist; Receptor Interaction,6
882482,trout allergenic extract,Allergen; Allergenic Extract; Established Pharmacologic Classes; Non-Standardized Food Allergenic Extract,4
1726081,trypan blue free acid,Diagnostic Agent; Diagnostic Dye; Established Pharmacologic Classes; Imaging Agent; Physical or Chemical Agent,5
2361285,tucatinib,Enzyme Inhibitor; Enzyme Interaction; Established Pharmacologic Classes; Kinase Inhibitor,4
892503,tuna allergenic extract,Allergen; Allergenic Extract; Established Pharmacologic Classes; Non-Standardized Food Allergenic Extract,4
975119,turkey allergenic extract,Allergen; Allergenic Extract; Established Pharmacologic Classes; Non-Standardized Food Allergenic Extract,4
1594963,turkey feather extract,Allergen; Allergenic Extract; Epidermal and Animal Specific Allergenic Extract; Established Pharmacologic Classes; Non-Standardized Feather Allergenic Extract,5
883414,turnip allergenic extract,Allergen; Allergenic Extract; Epidermal and Animal Specific Allergenic Extract; Established Pharmacologic Classes; Non-Standardized Food Allergenic Extract; Non-Standardized Plant Allergenic Extract,6
807219,"typhoid Vi polysaccharide vaccine, S typhi Ty2 strain",Established Pharmacologic Classes; Inactivated Salmonella Typhi Vaccine; Vaccine,3
2626349,ublituximab,Antibody or Antibody Fragment; CD20-directed Cytolytic Antibody; Established Pharmacologic Classes; Immunologic Agent,4
2268216,ubrogepant,Calcitonin Gene-related Peptide Receptor Antagonist; Established Pharmacologic Classes; Receptor Antagonist; Receptor Interaction,4
1005921,ulipristal,Established Pharmacologic Classes; Progesterone Agonist/Antagonist; Receptor Agonist; Receptor Antagonist; Receptor Interaction,5
2369372,Ulmus glabra pollen extract,Allergen; Allergenic Extract; Established Pharmacologic Classes; Non-Standardized Pollen Allergenic Extract,4
1426632,Ulmus rubra pollen allergenic extract,Allergen; Allergenic Extract; Established Pharmacologic Classes; Non-Standardized Pollen Allergenic Extract,4
1487514,umeclidinium,Anticholinergic; Established Pharmacologic Classes; Gastrointestinal Agent; Nervous System Agent; Receptor Antagonist; Receptor Interaction,6
2196092,upadacitinib,Enzyme Inhibitor; Enzyme Interaction; Established Pharmacologic Classes; Janus Kinase Inhibitor; Kinase Inhibitor,5
11017,uridine,Established Pharmacologic Classes; Nucleic Acid Related Agent; Pyrimidine Analog,3
11055,urokinase,Established Pharmacologic Classes; Hematology Agent; Thrombolytic Agent,3
847083,ustekinumab,Established Pharmacologic Classes; Immunologic Agent; Interleukin Agent; Interleukin-12 Antagonist; Interleukin-23 Antagonist; Receptor Interaction,6
1427134,Ustilago maydis extract,Allergen; Allergenic Extract; Established Pharmacologic Classes; Non-Standardized Fungal Allergenic Extract,4
852597,Utah juniper pollen extract,Allergen; Allergenic Extract; Established Pharmacologic Classes; Non-Standardized Pollen Allergenic Extract,4
1945213,vaborbactam,beta Lactamase Inhibitor; Enzyme Inhibitor; Enzyme Interaction; Established Pharmacologic Classes,4
1492300,vaccinia virus strain New York City Board of Health live antigen,Established Pharmacologic Classes; Live Vaccinia Virus Vaccine; Vaccine,3
2679296,vadadustat,Enzyme Inhibitor; Enzyme Interaction; Established Pharmacologic Classes; Hypoxia-inducible Factor Inhibitor; Hypoxia-inducible Factor Prolyl Hydroxylase Inhibitor,5
73645,valacyclovir,Anti-infective; Antimicrobial; Enzyme Inhibitor; Enzyme Interaction; Established Pharmacologic Classes; Herpes Simplex Virus Nucleoside Analog DNA Polymerase Inhibitor; Herpes Zoster Virus Nucleoside Analog DNA Polymerase Inhibitor; Herpesvirus Nucleoside Analog DNA Polymerase Inhibitor; Nucleic Acid Related Agent; Nucleic Acid Synthesis Inhibitor; Nucleoside Analog Antiviral,11
1918219,valbenazine,Established Pharmacologic Classes; Nervous System Agent; Vesicular Monoamine Transporter 2 Inhibitor,3
275891,valganciclovir,Anti-infective; Antimicrobial; Cytomegalovirus Nucleoside Analog DNA Polymerase Inhibitor; Enzyme Inhibitor; Enzyme Interaction; Established Pharmacologic Classes; Nucleic Acid Related Agent; Nucleic Acid Synthesis Inhibitor; Nucleoside Analog Antiviral,9
1111024,valley oak pollen extract,Allergen; Allergenic Extract; Established Pharmacologic Classes; Non-Standardized Pollen Allergenic Extract,4
69749,valsartan,Angiotensin 2 Receptor Blocker; Cardiovascular Agent; Established Pharmacologic Classes; Receptor Antagonist; Receptor Interaction,5
2669799,vamorolone,Chemical Structure; Corticosteroid; Established Pharmacologic Classes; Hormone; Receptor Agonist; Receptor Interaction; Steroid,7
11124,vancomycin,Anti-infective; Antibacterial; Antimicrobial; Chemical Structure; Established Pharmacologic Classes; Glycopeptide Antibacterial,6
1098413,vandetanib,Enzyme Inhibitor; Enzyme Interaction; Established Pharmacologic Classes; Kinase Inhibitor,4
901291,vanilla bean allergenic extract,Allergen; Allergenic Extract; Established Pharmacologic Classes; Non-Standardized Food Allergenic Extract,4
2275721,vanilla bean extract,Allergen; Allergenic Extract; Established Pharmacologic Classes; Non-Standardized Food Allergenic Extract,4
306674,vardenafil,Enzyme Inhibitor; Enzyme Interaction; Established Pharmacologic Classes; Phosphodiesterase 5 Inhibitor,4
591622,varenicline,Cholinergic Nicotinic Agonist; Cholinergic Receptor Agonist; Established Pharmacologic Classes; Ion Channel or Pump Agent; Nervous System Agent; Partial Cholinergic Nicotinic Agonist; Receptor Agonist; Receptor Interaction,8
1292422,varicella-zoster virus vaccine live (Oka-Merck) strain,Established Pharmacologic Classes; Live Attenuated Herpes Zoster Virus Vaccine; Live Attenuated Varicella Zoster Virus Vaccine; Vaccine,4
1012026,veal allergenic extract,Allergen; Allergenic Extract; Established Pharmacologic Classes; Non-Standardized Food Allergenic Extract,4
71535,vecuronium,Established Pharmacologic Classes; Ion Channel or Pump Agent; Neuromuscular Blocker; Nondepolarizing Neuromuscular Blocker; Receptor Antagonist; Receptor Interaction,6
1538097,vedolizumab,Established Pharmacologic Classes; Integrin Receptor Antagonist; Receptor Antagonist; Receptor Interaction,4
901805,velaglucerase alfa,Enzyme; Established Pharmacologic Classes; Hydrolytic Lysosomal Glucocerebroside-specific Enzyme,3
1799206,velpatasvir,Anti-infective; Antimicrobial; Established Pharmacologic Classes; Hepatitis C Virus NS5A Inhibitor,4
2102487,velvetleaf huckleberry allergenic extract,Allergen; Allergenic Extract; Epidermal and Animal Specific Allergenic Extract; Established Pharmacologic Classes; Non-Standardized Food Allergenic Extract; Non-Standardized Plant Allergenic Extract,6
1147220,vemurafenib,Enzyme Inhibitor; Enzyme Interaction; Established Pharmacologic Classes; Kinase Inhibitor,4
1747556,venetoclax,BCL-2 Inhibitor; Established Pharmacologic Classes; Immunologic Agent,3
882488,venison allergenic extract,Allergen; Allergenic Extract; Established Pharmacologic Classes; Non-Standardized Food Allergenic Extract,4
39786,venlafaxine,Established Pharmacologic Classes; Nervous System Agent; Serotonin and Norepinephrine Reuptake Inhibitor,3
11170,verapamil,Calcium Channel Agent; Calcium Channel Blocker; Cardiovascular Agent; Established Pharmacologic Classes; Ion Channel or Pump Agent,5
2475830,vericiguat,Cardiovascular Agent; Enzyme Activator; Enzyme Interaction; Established Pharmacologic Classes; Soluble Guanylate Cyclase Stimulator; Vasodilator,6
118886,verteporfin,Established Pharmacologic Classes; Photoenhancer; Physical or Chemical Agent,3
968467,Verticillium albo-atrum allergenic extract,Allergen; Allergenic Extract; Established Pharmacologic Classes; Non-Standardized Fungal Allergenic Extract,4
1989819,vestronidase alfa,Enzyme; Established Pharmacologic Classes; Lysosomal beta Glucuronidase,3
2472254,vibegron,Adrenergic Receptor Agonist; beta-Adrenergic Agonist; beta3-Adrenergic Agonist; Established Pharmacologic Classes; Nervous System Agent; Receptor Agonist; Receptor Interaction; Sympathomimetic Agent,8
14851,vigabatrin,Anti-epileptic Agent; Established Pharmacologic Classes; Nervous System Agent,3
1424884,vilanterol,Adrenergic Receptor Agonist; beta-Adrenergic Agonist; beta2-Adrenergic Agonist; Established Pharmacologic Classes; Nervous System Agent; Receptor Agonist; Receptor Interaction; Sympathomimetic Agent,8
11196,viloxazine,Established Pharmacologic Classes; Nervous System Agent; Norepinephrine reuptake inhibitor,3
2705378,vimseltinib,Enzyme Inhibitor; Enzyme Interaction; Established Pharmacologic Classes; Kinase Inhibitor,4
11198,vinblastine,Alkaloid; Chemical Structure; Established Pharmacologic Classes; Nucleic Acid Related Agent; Tubulin Agent; Vinca Alkaloid,6
11202,vincristine,Alkaloid; Chemical Structure; Established Pharmacologic Classes; Nucleic Acid Related Agent; Tubulin Agent; Vinca Alkaloid,6
39541,vinorelbine,Alkaloid; Chemical Structure; Established Pharmacologic Classes; Nucleic Acid Related Agent; Tubulin Agent; Vinca Alkaloid,6
1242987,vismodegib,Established Pharmacologic Classes; Hedgehog Pathway Inhibitor; Receptor Antagonist; Receptor Interaction,4
11246,vitamin A,Established Pharmacologic Classes; Vitamin A; Vitamin or Mineral,3
11248,vitamin B12,Established Pharmacologic Classes; Vitamin B12; Vitamin or Mineral,3
8308,vitamin K1,Antidote; Established Pharmacologic Classes; Hematology Agent; Vitamin K; Vitamin or Mineral; Warfarin Reversal Agent,6
2475166,voclosporin,Calcineurin Inhibitor Immunosuppressant; Enzyme Inhibitor; Enzyme Interaction; Established Pharmacologic Classes; Immunologic Agent,5
1537034,vorapaxar,Established Pharmacologic Classes; Hematology Agent; Platelet Aggregation Inhibitor; Protease-activated Receptor-1 Antagonist; Receptor Antagonist; Receptor Interaction,6
2690647,vorasidenib,Enzyme Inhibitor; Enzyme Interaction; Established Pharmacologic Classes; Isocitrate Dehydrogenase 1 Inhibitor; Isocitrate Dehydrogenase 2 Inhibitor,5
1995537,voretigene neparvovec,Adeno-associated Virus Vector; Established Pharmacologic Classes; Viral Therapy,3
121243,voriconazole,Anti-infective; Antifungal; Antimicrobial; Azole Antifungal; Chemical Structure; Established Pharmacologic Classes,6
194337,vorinostat,Enzyme Inhibitor; Enzyme Interaction; Established Pharmacologic Classes; Histone Deacetylase Inhibitor; Nucleic Acid Related Agent,5
2586354,vosoritide,C-type Natriuretic Peptide Analog; Chemical Structure; Established Pharmacologic Classes; Hormone,4
2265678,voxelotor,Established Pharmacologic Classes; Hematology Agent; Hemoglobin S Polymerization Inhibitor,3
1939323,voxilaprevir,Anti-infective; Antimicrobial; Enzyme Inhibitor; Enzyme Interaction; Established Pharmacologic Classes; Hepatitis C Virus NS3/4A Protease Inhibitor; Protease Inhibitor,7
2604578,vutrisiran,Antisense Oligonucleotide; Chemical Structure; Established Pharmacologic Classes; Nucleic Acid Related Agent; Small Interfering RNA; Transthyretin-directed RNA Interaction,6
11289,warfarin,Enzyme Inhibitor; Enzyme Interaction; Established Pharmacologic Classes; Hematology Agent; Vitamin K Antagonist,5
852166,water birch pollen extract,Allergen; Allergenic Extract; Established Pharmacologic Classes; Non-Standardized Pollen Allergenic Extract,4
1013944,water oak pollen extract,Allergen; Allergenic Extract; Established Pharmacologic Classes; Non-Standardized Pollen Allergenic Extract,4
1011418,watercress allergenic extract,Allergen; Allergenic Extract; Epidermal and Animal Specific Allergenic Extract; Established Pharmacologic Classes; Non-Standardized Food Allergenic Extract; Non-Standardized Plant Allergenic Extract,6
901258,watermelon allergenic extract,Allergen; Allergenic Extract; Established Pharmacologic Classes; Non-Standardized Food Allergenic Extract,4
260014,watermelon preparation,Allergen; Allergenic Extract; Established Pharmacologic Classes; Non-Standardized Food Allergenic Extract,4
1117083,weakleaf bur ragweed pollen extract,Allergen; Allergenic Extract; Established Pharmacologic Classes; Non-Standardized Pollen Allergenic Extract,4
1014755,western black willow pollen extract,Allergen; Allergenic Extract; Established Pharmacologic Classes; Non-Standardized Pollen Allergenic Extract,4
852589,western juniper pollen extract,Allergen; Allergenic Extract; Established Pharmacologic Classes; Non-Standardized Pollen Allergenic Extract,4
2166614,western larch pollen extract,Allergen; Allergenic Extract; Established Pharmacologic Classes; Non-Standardized Pollen Allergenic Extract,4
851985,western ragweed pollen extract,Allergen; Allergenic Extract; Established Pharmacologic Classes; Non-Standardized Pollen Allergenic Extract,4
852750,western sycamore pollen extract,Allergen; Allergenic Extract; Established Pharmacologic Classes; Non-Standardized Pollen Allergenic Extract,4
852659,western wheatgrass pollen extract,Allergen; Allergenic Extract; Established Pharmacologic Classes; Non-Standardized Pollen Allergenic Extract,4
900743,western white pine pollen extract,Allergen; Allergenic Extract; Established Pharmacologic Classes; Non-Standardized Pollen Allergenic Extract,4
1297535,western yellow jacket venom protein,Allergen; Allergenic Extract; Epidermal and Animal Specific Allergenic Extract; Established Pharmacologic Classes; Standardized Insect Allergenic Extract; Standardized Insect Venom Allergenic Extract,6
1370781,wheat gluten extract,Allergen; Allergenic Extract; Established Pharmacologic Classes; Non-Standardized Food Allergenic Extract,4
1441652,wheat preparation,Allergen; Allergenic Extract; Established Pharmacologic Classes; Non-Standardized Food Allergenic Extract,4
852797,wheat smut allergenic extract,Allergen; Allergenic Extract; Established Pharmacologic Classes; Non-Standardized Fungal Allergenic Extract,4
1014743,white (mexican) dock pollen extract,Allergen; Allergenic Extract; Established Pharmacologic Classes; Non-Standardized Pollen Allergenic Extract,4
851910,white alder pollen extract,Allergen; Allergenic Extract; Established Pharmacologic Classes; Non-Standardized Pollen Allergenic Extract,4
852450,white ash pollen extract,Allergen; Allergenic Extract; Established Pharmacologic Classes; Non-Standardized Pollen Allergenic Extract,4
971166,white catfish allergenic extract,Allergen; Allergenic Extract; Established Pharmacologic Classes; Non-Standardized Food Allergenic Extract,4
901265,white fish allergenic extract,Allergen; Allergenic Extract; Established Pharmacologic Classes; Non-Standardized Food Allergenic Extract,4
852193,white hickory pollen extract,Allergen; Allergenic Extract; Established Pharmacologic Classes; Non-Standardized Pollen Allergenic Extract,4
852669,white mulberry pollen extract,Allergen; Allergenic Extract; Established Pharmacologic Classes; Non-Standardized Pollen Allergenic Extract,4
852294,white oak pollen extract,Allergen; Allergenic Extract; Established Pharmacologic Classes; Non-Standardized Pollen Allergenic Extract,4
852382,white poplar pollen extract,Allergen; Allergenic Extract; Established Pharmacologic Classes; Non-Standardized Pollen Allergenic Extract,4
1014735,white sweet clover pollen extract,Allergen; Allergenic Extract; Established Pharmacologic Classes; Non-Standardized Pollen Allergenic Extract,4
1484986,white willow pollen extract,Allergen; Allergenic Extract; Established Pharmacologic Classes; Non-Standardized Pollen Allergenic Extract,4
901299,whole wheat allergenic extract,Allergen; Allergenic Extract; Established Pharmacologic Classes; Non-Standardized Food Allergenic Extract,4
892317,wine grape allergenic extract,Allergen; Allergenic Extract; Epidermal and Animal Specific Allergenic Extract; Established Pharmacologic Classes; Non-Standardized Food Allergenic Extract; Non-Standardized Plant Allergenic Extract,6
1307718,wine grape extract,Allergen; Allergenic Extract; Epidermal and Animal Specific Allergenic Extract; Established Pharmacologic Classes; Non-Standardized Food Allergenic Extract; Non-Standardized Plant Allergenic Extract,6
852074,wing scale pollen extract,Allergen; Allergenic Extract; Established Pharmacologic Classes; Non-Standardized Pollen Allergenic Extract,4
852007,wormwood sage pollen extract,Allergen; Allergenic Extract; Established Pharmacologic Classes; Non-Standardized Pollen Allergenic Extract,4
2694828,xanomeline,Cholinergic Muscarinic Agonist; Established Pharmacologic Classes; Nervous System Agent; Receptor Agonist; Receptor Interaction,5
899550,yellow birch pollen extract,Allergen; Allergenic Extract; Established Pharmacologic Classes; Non-Standardized Pollen Allergenic Extract,4
852209,yellow dock pollen extract,Allergen; Allergenic Extract; Established Pharmacologic Classes; Non-Standardized Pollen Allergenic Extract,4
804187,yellow fever virus strain 17D-204 live antigen,Established Pharmacologic Classes; Live Attenuated Yellow Fever Virus Vaccine; Vaccine,3
1297537,yellow hornet venom protein,Allergen; Allergenic Extract; Epidermal and Animal Specific Allergenic Extract; Established Pharmacologic Classes; Standardized Insect Allergenic Extract; Standardized Insect Venom Allergenic Extract,6
1014447,yellow sweet clover pollen extract,Allergen; Allergenic Extract; Established Pharmacologic Classes; Non-Standardized Pollen Allergenic Extract,4
2102488,yellowfin tuna allergenic extract,Allergen; Allergenic Extract; Established Pharmacologic Classes; Non-Standardized Food Allergenic Extract,4
114970,zafirlukast,Established Pharmacologic Classes; Leukotriene Receptor Antagonist; Receptor Antagonist; Receptor Interaction; Respiratory Agent,5
74667,zaleplon,Established Pharmacologic Classes; gamma-Aminobutyric Acid A Receptor Agonist; gamma-Aminobutyric Acid-ergic Agonist; Ion Channel or Pump Agent; Receptor Agonist; Receptor Interaction,6
69722,zanamivir,Anti-infective; Antimicrobial; Enzyme Inhibitor; Enzyme Interaction; Established Pharmacologic Classes; Neuraminidase Inhibitor,6
2698198,zanidatamab,Antibody or Antibody Fragment; Bispecific HER2-directed Antibody; Established Pharmacologic Classes,3
2262435,zanubrutinib,Enzyme Inhibitor; Enzyme Interaction; Established Pharmacologic Classes; Kinase Inhibitor,4
2637955,zavegepant,Calcitonin Gene-related Peptide Receptor Antagonist; Established Pharmacologic Classes; Receptor Antagonist; Receptor Interaction,4
68503,ziconotide,Calcium Channel Agent; Cardiovascular Agent; Established Pharmacologic Classes; Ion Channel or Pump Agent; N-type Calcium Channel Antagonist; Nervous System Agent,6
11413,zidovudine,Anti-infective; Antimicrobial; Enzyme Inhibitor; Enzyme Interaction; Established Pharmacologic Classes; Human Immunodeficiency Virus Nucleoside Analog Reverse Transcriptase Inhibitor; Nucleic Acid Related Agent; Nucleic Acid Synthesis Inhibitor; Nucleoside Analog Antiviral,9
40575,zileuton,5-Lipoxygenase Inhibitor; Enzyme Inhibitor; Enzyme Interaction; Established Pharmacologic Classes,4
2672489,zilucoplan,Complement Inhibitor; Established Pharmacologic Classes; Hematology Agent; Immunologic Agent,4
1546264,zinc cation,Copper Absorption Inhibitor; Established Pharmacologic Classes; Physical or Chemical Agent,3
115698,ziprasidone,Atypical antipsychotic; Established Pharmacologic Classes; Nervous System Agent,3
2695869,zolbetuximab,Antibody or Antibody Fragment; Claudin 18.2-directed Cytolytic Antibody; Established Pharmacologic Classes; Immunologic Agent,4
135775,zolmitriptan,Established Pharmacologic Classes; Nervous System Agent; Receptor Agonist; Receptor Interaction; Serotonin-1b and Serotonin-1d Receptor Agonist,5
39993,zolpidem,Established Pharmacologic Classes; gamma-Aminobutyric Acid A Receptor Positive Modulator; Ion Channel or Pump Agent,3
2721604,zongertinib,Enzyme Inhibitor; Enzyme Interaction; Established Pharmacologic Classes; Kinase Inhibitor,4
39998,zonisamide,Anti-epileptic Agent; Established Pharmacologic Classes; Nervous System Agent,3
1649134,zucchini extract,Allergen; Allergenic Extract; Established Pharmacologic Classes; Non-Standardized Food Allergenic Extract,4
2669905,zuranolone,Established Pharmacologic Classes; gamma-Aminobutyric Acid A Receptor Agonist; gamma-Aminobutyric Acid-ergic Agonist; Ion Channel or Pump Agent; Neuroactive Steroid Gamma-Aminobutyric Acid A Receptor Positive Modulator; Receptor Agonist; Receptor Interaction,7
